,_id,animalSettlement,animalType,isPregmant,weight,birthDay,breed,createdAt
0,62d6e9920408c608acb6fdd0,43d0026a01,VACA,False,500.0,2022-07-18 00:00:00.000,SIMBRAH,2022-07-19 17:27:46.820
1,62d6e9d30408c608acb6fe08,43d0026a01,NOVILLO,False,234.0,2022-07-18 00:00:00.000,SIMBRAH,2022-07-19 17:28:51.345
2,62d98db9a30a66002645c287,43d0026a01,VACA,False,155.0,2022-07-18 00:00:00.000,BRANGUS,2022-07-21 17:32:41.363
3,62d99045a30a66002645c384,43d0026a01,TERNERO,False,73.0,2022-07-18 00:00:00.000,INDUSIN,2022-07-21 17:43:33.443
4,62d9a88c0223ce002612afed,43d0026a01,TERNERO,False,45.0,2022-03-25 00:00:00.000,BRAFORD,2022-07-21 19:27:08.791
5,62d9a8ee0223ce002612b023,43d0026a01,NOVILLO,False,129.0,2022-03-25 00:00:00.000,BRAFORD,2022-07-21 19:28:46.345
6,62d9aa800223ce002612b336,43d0026a01,NOVILLO,False,55.0,2022-03-25 00:00:00.000,HEREFORD,2022-07-21 19:35:28.945
7,62d9ac5d0223ce002612b400,43d0026a01,VACA,False,155.0,2022-07-18 00:00:00.000,CHARBRAY,2022-07-21 19:43:25.703
8,62d9acb50223ce002612b438,43d0026a01,TERNERO,False,48.0,2022-03-25 00:00:00.000,POLLED HEREFORD,2022-07-21 19:44:53.252
9,62d9ad220223ce002612b474,43d0026a01,TERNERO,False,66.0,2022-07-18 00:00:00.000,ABERDEEN ANGUS,2022-07-21 19:46:42.277
10,62d9ae270223ce002612b57e,43d0026a01,NOVILLO,False,155.0,2022-07-18 00:00:00.000,PIAMONTESA,2022-07-21 19:51:03.780
11,62de77333c3f510026f2564a,43d0026a01,NOVILLO,False,167.0,2022-03-25 00:00:00.000,RETINTA,2022-07-25 10:57:55.573
12,62d6ea330408c608acb6fe4e,43d0026a01,NOVILLO,False,231.0,2022-08-26 00:00:00.000,INDUSIN,2022-07-19 17:30:27.339
13,62d98f17a30a66002645c2ff,43d0026a01,NOVILLO,False,166.0,2022-07-18 00:00:00.000,LIMOUSIN,2022-07-21 17:38:31.059
14,62d990a8a30a66002645c3c1,43d0026a01,NOVILLO,False,148.0,2022-07-18 00:00:00.000,POLLED HEREFORD,2022-07-21 17:45:12.334
15,62d9948ba30a66002645c480,43d0026a01,VACA,False,153.0,2022-07-18 00:00:00.000,BRANGUS,2022-07-21 18:01:47.052
16,62d99512a30a66002645c4db,43d0026a01,TERNERO,False,65.0,2022-07-18 00:00:00.000,INDUSIN,2022-07-21 18:04:02.069
17,62d9a9400223ce002612b065,43d0026a01,VAQUILLONA,False,166.0,2022-03-25 00:00:00.000,JERSEY,2022-07-21 19:30:08.457
18,62d9ab7e0223ce002612b37e,43d0026a01,NOVILLO,False,146.0,2022-07-18 00:00:00.000,RETINTA,2022-07-21 19:39:42.966
19,62dac69ae95cd50025ecf5f8,43d0026a01,TERNERO,False,54.0,2022-07-18 00:00:00.000,SANTA GERTRUDIS,2022-07-22 15:47:38.719
20,62f52ca5401c510025e01f48,43d0026a01,NOVILLO,False,251.0,2022-08-11 00:00:00.000,ABERDEEN ANGUS,2022-08-11 16:21:57.193
21,63093bb93b49db0025994d31,43d0026a01,TERNERO,False,123.0,2022-08-26 00:00:00.000,HEREFORD,2022-08-26 21:31:37.126
22,62d56ca4e71f68426833cc59,43d0026a01,NOVILLO,False,2.0,2022-07-18 00:00:00.000,POLLED HEREFORD,2022-07-18 14:22:28.938
23,62d97f14a30a66002645b50b,43d0026a01,VACA,False,144.0,2022-07-18 00:00:00.000,BRANGUS,2022-07-21 16:30:12.884
24,62d98e53a30a66002645c2c9,43d0026a01,TERNERO,False,67.0,2022-07-18 00:00:00.000,FLEKVIEH/SIMMENTHAL,2022-07-21 17:35:15.396
25,62d99105a30a66002645c3f9,43d0026a01,TERNERO,False,45.0,2022-07-18 00:00:00.000,SANTA GERTRUDIS,2022-07-21 17:46:45.768
26,62d9a7b10223ce002612afb3,43d0026a01,NOVILLO,False,154.0,2022-03-25 00:00:00.000,INDUSIN,2022-07-21 19:23:29.413
27,62d9a9e10223ce002612b0d3,43d0026a01,TERNERO,False,76.0,2022-03-25 00:00:00.000,BRAFORD,2022-07-21 19:32:49.943
28,62d9abf50223ce002612b3b6,43d0026a01,NOVILLO,False,145.0,2022-07-18 00:00:00.000,JERSEY,2022-07-21 19:41:41.982
29,62d9ad880223ce002612b4ff,43d0026a01,VACA,False,174.0,2022-07-18 00:00:00.000,ABERDEEN ANGUS,2022-07-21 19:48:24.419
30,62cfe1b4b8f04b47003be2c6,43d0026a01,TERNERO,False,232.0,2022-07-18 00:00:00.000,BRAHMAN,2022-07-14 09:28:20.687
31,62d98009a30a66002645b744,43d0026a01,NOVILLO,False,231.0,2022-07-18 00:00:00.000,BRAFORD,2022-07-21 16:34:17.148
32,62d98c2ca30a66002645be9d,43d0026a01,VAQUILLONA,True,123.0,2022-07-18 00:00:00.000,JERSEY,2022-07-21 17:26:04.655
33,62d98d56a30a66002645c1ff,43d0026a01,TERNERO,False,55.0,2022-03-25 00:00:00.000,LIMOUSIN,2022-07-21 17:31:02.366
34,62d9917ca30a66002645c431,43d0026a01,VACA,False,155.0,2022-07-18 00:00:00.000,SANTA GERTRUDIS,2022-07-21 17:48:44.918
35,62d9adf10223ce002612b546,43d0026a01,VACA,False,177.0,2022-07-18 00:00:00.000,CHAROLAIS,2022-07-21 19:50:09.979
36,62d9ae9d0223ce002612b5b6,43d0026a01,TERNERO,False,76.0,2022-03-25 00:00:00.000,CHAROLAIS,2022-07-21 19:53:01.163
37,62f52b53401c510025e01f02,43d0026a01,TERNERO,False,250.0,2022-08-11 00:00:00.000,ABERDEEN ANGUS,2022-08-11 16:16:19.733
38,63604b9106eca52a405d4657,553423812d,VACA,False,300.0,2022-03-20 00:00:00.000,INDUSIN,2022-10-31 22:26:25.335
39,638660af3039cf00301d200e,43d0026a01,VACA,False,151.0,2022-11-29 00:00:00.000,JERSEY,2022-11-29 19:42:40.020
40,6388c7acbcaeb30030cb691d,eb30030cb6,VACA,False,0.0,2022-12-01 15:26:36.673,DEFAULT-PUNTO-FIJO,2022-12-01 15:26:36.673
41,638a2174bcaeb30030cb7660,d590030662,VACA,False,0.0,2022-12-02 16:01:56.864,DEFAULT-PUNTO-FIJO,2022-12-02 16:01:56.864
42,638a254fbcaeb30030cb776e,43d0026a01,VACA,False,0.0,2022-12-02 16:18:24.011,DEFAULT-PUNTO-FIJO,2022-12-02 16:18:24.011
43,638a2580bcaeb30030cb779e,43d0026a01,VACA,False,0.0,2022-12-02 16:19:12.263,DEFAULT-PUNTO-FIJO,2022-12-02 16:19:12.263
44,638a27b8bcaeb30030cb77e6,43d0026a01,VACA,False,1.0,2022-12-02 00:00:00.000,BEEF MASTER,2022-12-02 16:28:40.402
45,638a27f3bcaeb30030cb77f7,43d0026a01,VACA,False,1.0,2022-12-02 00:00:00.000,JERSEY,2022-12-02 16:29:39.446
46,638a2830bcaeb30030cb780a,43d0026a01,VACA,False,1.0,2022-12-02 00:00:00.000,BRAHMAN,2022-12-02 16:30:40.450
47,638f46a8a5c1673814c1f7e2,43d0026a01,VACA,False,0.0,2022-12-06 13:42:00.370,DEFAULT-PUNTO-FIJO,2022-12-06 13:42:00.370
48,6397449564ca173424d5b420,a173424d5b,VACA,False,0.0,1900-01-01 00:00:00.000,DEFAULT-PUNTO-FIJO,2022-12-12 15:11:17.189
49,6397467164ca173424d5b45d,a173424d5b,VACA,False,0.0,1900-01-01 00:00:00.000,DEFAULT-PUNTO-FIJO,2022-12-12 15:19:13.731
50,6397490164ca173424d5b487,a173424d5b,VACA,False,0.0,1900-01-01 00:00:00.000,DEFAULT-PUNTO-FIJO,2022-12-12 15:30:09.885
51,63974a5064ca173424d5b4ab,a173424d5b,VACA,False,0.0,1900-01-01 00:00:00.000,DEFAULT-PUNTO-FIJO,2022-12-12 15:35:44.842
52,6397a1537098dc26305d0256,43d0026a01,VACA,False,100.0,2000-01-01 00:00:00.000,LIMANGUS,2022-12-12 21:46:59.749
53,6397ba0cc9b5d32fac8ef16f,5d32fac8ef,VACA,False,0.0,1900-01-01 00:00:00.000,DEFAULT-PUNTO-FIJO,2022-12-12 23:32:28.356
54,6397bc0bc9b5d32fac8ef1c7,5d32fac8ef,VACA,False,0.0,1900-01-01 00:00:00.000,DEFAULT-PUNTO-FIJO,2022-12-12 23:40:59.088
55,6397f3702005bc09f431fb32,43d0026a01,NOVILLO,False,100.0,2000-01-01 00:00:00.000,SHORTHORN,2022-12-13 03:37:20.798
56,6398ae85195e9e4dec897b2b,e9e4dec897,VACA,False,0.0,2022-12-13 16:55:33.363,DEFAULT-PUNTO-FIJO,2022-12-13 16:55:33.363
57,6398af52195e9e4dec897b74,d590030662,VACA,False,100.0,2000-01-01 00:00:00.000,HEREFORD,2022-12-13 16:58:58.156
58,6398b015195e9e4dec897c34,43d0026a01,TERNERO,False,2.0,2000-01-01 00:00:00.000,SHORTHORN,2022-12-13 17:02:13.548
59,6398b7d0195e9e4dec897e17,43d0026a01,VACA,False,100.0,2000-01-01 00:00:00.000,POLLED HEREFORD,2022-12-13 17:35:12.394
60,639cbf8ae72b8435841c36f6,43d0026a01,TERNERO,False,100.0,2000-01-01 00:00:00.000,SHORTHORN,2022-12-16 18:57:14.166
61,63a0e6564d110a5b98147543,10a5b98147,VACA,False,0.0,2022-12-19 22:31:50.017,DEFAULT-PUNTO-FIJO,2022-12-19 22:31:50.017
62,638f557947b80d0025f05eaa,43d0026a01,VACA,False,0.0,2022-12-06 14:45:13.362,DEFAULT-PUNTO-FIJO,2022-12-06 14:45:13.362
63,638f558847b80d0025f05ece,43d0026a01,VACA,False,0.0,2022-12-06 14:45:28.555,DEFAULT-PUNTO-FIJO,2022-12-06 14:45:28.555
64,638f559b47b80d0025f05f02,43d0026a01,VACA,False,0.0,2022-12-06 14:45:47.839,DEFAULT-PUNTO-FIJO,2022-12-06 14:45:47.839
65,63a646c01c3d5b259c86b645,d5b259c86b,VACA,False,0.0,2022-12-24 00:24:32.222,DEFAULT-PUNTO-FIJO,2022-12-24 00:24:32.222
66,63a9a4e15ede0b00302c344c,43d0026a01,VACA,False,33.0,2022-12-06 00:00:00.000,POLLED HEREFORD,2022-12-26 13:42:57.823
67,63adccacd601c63f045ed387,1c63f045ed,VACA,False,0.0,2022-12-29 17:21:48.280,DEFAULT-PUNTO-FIJO,2022-12-29 17:21:48.280
68,63adcd8ed601c63f045ed40f,1c63f045ed,VACA,False,0.0,2022-12-29 17:25:34.187,DEFAULT-PUNTO-FIJO,2022-12-29 17:25:34.187
69,63b38dd1eb677e30a8aab08b,77e30a8aab,VACA,False,0.0,2023-01-03 02:07:13.434,DEFAULT-PUNTO-FIJO,2023-01-03 02:07:13.434
70,63b38faceb677e30a8aab10c,77e30a8aab,VACA,False,0.0,2023-01-03 02:15:08.650,DEFAULT-PUNTO-FIJO,2023-01-03 02:15:08.650
71,63b39a48eb677e30a8aab15d,77e30a8aab,VACA,False,0.0,2023-01-03 03:00:24.572,DEFAULT-PUNTO-FIJO,2023-01-03 03:00:24.572
72,63b39a96eb677e30a8aab18b,77e30a8aab,VACA,False,0.0,2023-01-03 03:01:42.323,DEFAULT-PUNTO-FIJO,2023-01-03 03:01:42.323
73,63b44309973f9f35c0c5aaba,f9f35c0c5a,VACA,False,0.0,2023-01-03 15:00:25.992,DEFAULT-PUNTO-FIJO,2023-01-03 15:00:25.992
74,63c193f852dc730030406a3c,43d0026a01,VACA,False,500.0,2022-07-18 00:00:00.000,SIMBRAH,2023-01-13 17:25:12.310
75,63c1953252dc730030406a6d,43d0026a01,VACA,False,500.0,2022-07-18 00:00:00.000,SIMBRAH,2023-01-13 17:30:26.812
76,63c1971b52dc730030406ab0,43d0026a01,VACA,False,500.0,2022-07-18 00:00:00.000,SIMBRAH,2023-01-13 17:38:35.333
77,63c1972d52dc730030406abd,43d0026a01,VACA,False,500.0,2022-07-18 00:00:00.000,SIMBRAH,2023-01-13 17:38:53.803
78,63d282ea695091f316b274cf,cd2102862b,VAQUILLONA,False,2.0,2022-12-16 00:00:00.000,SHORTHORN,2023-01-26 13:40:58.476
79,63e6480d22ee080030ba87a8,43d0026a01,VACA,False,101.0,1994-05-15 00:00:00.000,SHORTHORN,2023-02-10 13:35:09.538
80,63e6480d22ee080030ba87aa,43d0026a01,VACA,False,50.0,2020-03-15 00:00:00.000,INDUSIN,2023-02-10 13:35:09.542
81,63e64b9822ee080030ba889b,43d0026a01,SIN ESPECIFICAR,False,,,SIN ESPECIFICAR,2023-02-10 13:50:16.584
82,63eadf87c529ea003063c052,43d0026a01,SIN ESPECIFICAR,,,,SIN ESPECIFICAR,2023-02-14 01:10:31.368
83,63ed47d2b0b2250030e436af,43d0026a01,TERNERO,False,10.0,2000-01-01 00:00:00.000,SHORTHORN,2023-02-15 21:00:02.737
84,63ee8200476a9d00308065fb,d590030662,SIN ESPECIFICAR,,,,SIN ESPECIFICAR,2023-02-16 19:20:32.719
85,63ee822c476a9d00308066b0,cd2102862b,SIN ESPECIFICAR,,,,SIN ESPECIFICAR,2023-02-16 19:21:16.789
86,63ee8291476a9d0030806791,e080030ba8,TERNERO,False,,,SIN ESPECIFICAR,2023-02-16 19:22:57.434
87,63ee848a476a9d0030806d7f,d590030662,SIN ESPECIFICAR,,,,SIN ESPECIFICAR,2023-02-16 19:31:22.346
88,63efe06ce429423750fcbb31,80f4378711,NOVILLO,False,123.0,2023-02-01 00:00:00.000,SANTA GERTRUDIS,2023-02-17 20:15:40.469
89,63f66cc4d3575e0030304d2c,80f4378711,NOVILLO,False,11.0,2023-02-07 00:00:00.000,SHORTHORN,2023-02-22 19:28:04.601
90,63ed0ae9a9f1a40025793c1d,1a40025792,SIN ESPECIFICAR,,,,SIN ESPECIFICAR,2023-02-15 16:40:09.824
91,63ed0b15a9f1a40025793c52,1a40025792,SIN ESPECIFICAR,,,,SIN ESPECIFICAR,2023-02-15 16:40:53.331
92,63ed0b7aa9f1a40025793c82,1a40025792,SIN ESPECIFICAR,,,,SIN ESPECIFICAR,2023-02-15 16:42:34.667
93,63ed0b8da9f1a40025793ce6,1a40025792,SIN ESPECIFICAR,,,,SIN ESPECIFICAR,2023-02-15 16:42:53.464
94,63ed0b93a9f1a40025793d0f,1a40025792,SIN ESPECIFICAR,,,,SIN ESPECIFICAR,2023-02-15 16:42:59.098
95,63ed0baea9f1a40025793d80,1a40025792,SIN ESPECIFICAR,,,,SIN ESPECIFICAR,2023-02-15 16:43:26.411
96,63ed0da5a9f1a4002579438c,1a40025792,SIN ESPECIFICAR,,,,SIN ESPECIFICAR,2023-02-15 16:51:49.612
97,63ed0da6a9f1a40025794397,1a40025792,SIN ESPECIFICAR,,,,SIN ESPECIFICAR,2023-02-15 16:51:50.292
98,63ed0dc6a9f1a40025794427,1a40025792,SIN ESPECIFICAR,,,,SIN ESPECIFICAR,2023-02-15 16:52:22.684
99,63ed0dc9a9f1a40025794444,1a40025792,SIN ESPECIFICAR,,,,SIN ESPECIFICAR,2023-02-15 16:52:25.769
100,63ed0ddca9f1a400257944c0,1a40025792,SIN ESPECIFICAR,False,,,SIN ESPECIFICAR,2023-02-15 16:52:44.079
101,63ed0deda9f1a40025794525,1a40025792,SIN ESPECIFICAR,,,,SIN ESPECIFICAR,2023-02-15 16:53:02.097
102,63ed0df3a9f1a40025794534,1a40025792,SIN ESPECIFICAR,,,,SIN ESPECIFICAR,2023-02-15 16:53:07.121
103,63ed0e08a9f1a4002579459a,1a40025792,SIN ESPECIFICAR,,,,SIN ESPECIFICAR,2023-02-15 16:53:28.684
104,63ed0e0fa9f1a400257945cf,1a40025792,SIN ESPECIFICAR,,,,SIN ESPECIFICAR,2023-02-15 16:53:35.093
105,63ed0e1ca9f1a4002579461c,1a40025792,SIN ESPECIFICAR,,,,SIN ESPECIFICAR,2023-02-15 16:53:48.456
106,63ed0e26a9f1a4002579466e,1a40025792,SIN ESPECIFICAR,,,,SIN ESPECIFICAR,2023-02-15 16:53:58.791
107,63ed0e2da9f1a400257946b4,1a40025792,SIN ESPECIFICAR,False,,,SIN ESPECIFICAR,2023-02-15 16:54:05.136
108,63ed0e3da9f1a40025794702,1a40025792,SIN ESPECIFICAR,,,,SIN ESPECIFICAR,2023-02-15 16:54:21.143
109,63ed0e4ea9f1a40025794766,1a40025792,SIN ESPECIFICAR,,,,SIN ESPECIFICAR,2023-02-15 16:54:38.749
110,63ed0e50a9f1a40025794775,1a40025792,SIN ESPECIFICAR,,,,SIN ESPECIFICAR,2023-02-15 16:54:40.888
111,63ed0e61a9f1a400257947ff,1a40025792,SIN ESPECIFICAR,,,,SIN ESPECIFICAR,2023-02-15 16:54:57.517
112,63ed0e62a9f1a4002579480a,1a40025792,SIN ESPECIFICAR,,,,SIN ESPECIFICAR,2023-02-15 16:54:58.755
113,63ed0e71a9f1a40025794898,1a40025792,SIN ESPECIFICAR,False,,,SIN ESPECIFICAR,2023-02-15 16:55:13.910
114,63ed0e73a9f1a400257948a6,1a40025792,SIN ESPECIFICAR,False,,,SIN ESPECIFICAR,2023-02-15 16:55:15.596
115,63ed0e82a9f1a40025794931,1a40025792,SIN ESPECIFICAR,,,,SIN ESPECIFICAR,2023-02-15 16:55:30.496
116,63ed0e85a9f1a4002579494b,1a40025792,SIN ESPECIFICAR,,,,SIN ESPECIFICAR,2023-02-15 16:55:33.579
117,63ed0e90a9f1a400257949d1,1a40025792,SIN ESPECIFICAR,,,,SIN ESPECIFICAR,2023-02-15 16:55:44.963
118,63ed0ea0a9f1a40025794a4e,1a40025792,SIN ESPECIFICAR,,,,SIN ESPECIFICAR,2023-02-15 16:56:00.759
119,63ed0eb1a9f1a40025794abd,1a40025792,SIN ESPECIFICAR,,,,SIN ESPECIFICAR,2023-02-15 16:56:17.389
120,63ed0eb2a9f1a40025794ac8,1a40025792,SIN ESPECIFICAR,,,,SIN ESPECIFICAR,2023-02-15 16:56:18.755
121,63ed0ec7a9f1a40025794b57,1a40025792,SIN ESPECIFICAR,,,,SIN ESPECIFICAR,2023-02-15 16:56:39.861
122,63ed0ec9a9f1a40025794b62,1a40025792,SIN ESPECIFICAR,,,,SIN ESPECIFICAR,2023-02-15 16:56:41.151
123,63ed0ed9a9f1a40025794bf3,1a40025792,SIN ESPECIFICAR,,,,SIN ESPECIFICAR,2023-02-15 16:56:57.077
124,63ed0edba9f1a40025794c04,1a40025792,SIN ESPECIFICAR,,,,SIN ESPECIFICAR,2023-02-15 16:56:59.348
125,63ed0eeaa9f1a40025794c77,1a40025792,SIN ESPECIFICAR,,,,SIN ESPECIFICAR,2023-02-15 16:57:14.757
126,63ed0eeba9f1a40025794c82,1a40025792,SIN ESPECIFICAR,False,,,SIN ESPECIFICAR,2023-02-15 16:57:15.813
127,63ed0efba9f1a40025794d03,1a40025792,SIN ESPECIFICAR,,,,SIN ESPECIFICAR,2023-02-15 16:57:31.403
128,63ed0efca9f1a40025794d0e,1a40025792,SIN ESPECIFICAR,False,,,SIN ESPECIFICAR,2023-02-15 16:57:32.736
129,63ed0f0ca9f1a40025794d9c,1a40025792,SIN ESPECIFICAR,False,,,SIN ESPECIFICAR,2023-02-15 16:57:48.797
130,63ed0f0da9f1a40025794da6,1a40025792,SIN ESPECIFICAR,False,,,SIN ESPECIFICAR,2023-02-15 16:57:49.144
131,63ed0f1ca9f1a40025794e36,1a40025792,SIN ESPECIFICAR,,,,SIN ESPECIFICAR,2023-02-15 16:58:04.618
132,63ed0f1ea9f1a40025794e41,1a40025792,SIN ESPECIFICAR,,,,SIN ESPECIFICAR,2023-02-15 16:58:06.217
133,63ed0f2ba9f1a40025794ea4,1a40025792,SIN ESPECIFICAR,False,,,SIN ESPECIFICAR,2023-02-15 16:58:19.511
134,63ed0f3ba9f1a40025794f09,1a40025792,SIN ESPECIFICAR,,,,SIN ESPECIFICAR,2023-02-15 16:58:35.137
135,63ed0f3ba9f1a40025794f0e,1a40025792,SIN ESPECIFICAR,,,,SIN ESPECIFICAR,2023-02-15 16:58:35.275
136,63ed0f4ca9f1a40025794fa1,1a40025792,SIN ESPECIFICAR,,,,SIN ESPECIFICAR,2023-02-15 16:58:52.260
137,63ed0f4ea9f1a40025794fb0,1a40025792,SIN ESPECIFICAR,,,,SIN ESPECIFICAR,2023-02-15 16:58:54.303
138,63ed0f5ea9f1a40025795020,1a40025792,SIN ESPECIFICAR,,,,SIN ESPECIFICAR,2023-02-15 16:59:10.707
139,63ed0f6ea9f1a40025795087,1a40025792,SIN ESPECIFICAR,,,,SIN ESPECIFICAR,2023-02-15 16:59:26.823
140,63ed0f6ea9f1a40025795089,1a40025792,SIN ESPECIFICAR,,,,SIN ESPECIFICAR,2023-02-15 16:59:26.845
141,63ed0f7da9f1a400257950f5,1a40025792,SIN ESPECIFICAR,,,,SIN ESPECIFICAR,2023-02-15 16:59:41.681
142,63ed0f86a9f1a4002579513e,1a40025792,SIN ESPECIFICAR,,,,SIN ESPECIFICAR,2023-02-15 16:59:50.217
143,63ed0f93a9f1a400257951a9,1a40025792,SIN ESPECIFICAR,,,,SIN ESPECIFICAR,2023-02-15 17:00:03.305
144,63ed0f98a9f1a400257951cb,1a40025792,SIN ESPECIFICAR,,,,SIN ESPECIFICAR,2023-02-15 17:00:08.543
145,63ed0fa8a9f1a40025795244,1a40025792,SIN ESPECIFICAR,,,,SIN ESPECIFICAR,2023-02-15 17:00:24.680
146,63ed0fa8a9f1a40025795246,1a40025792,SIN ESPECIFICAR,,,,SIN ESPECIFICAR,2023-02-15 17:00:24.705
147,63ed0fb9a9f1a400257952d9,1a40025792,SIN ESPECIFICAR,,,,SIN ESPECIFICAR,2023-02-15 17:00:41.397
148,63ed0fbca9f1a400257952ea,1a40025792,SIN ESPECIFICAR,,,,SIN ESPECIFICAR,2023-02-15 17:00:44.146
149,63ed0fcca9f1a40025795386,1a40025792,SIN ESPECIFICAR,,,,SIN ESPECIFICAR,2023-02-15 17:01:00.473
150,63ed0fd9a9f1a400257953d6,1a40025792,SIN ESPECIFICAR,,,,SIN ESPECIFICAR,2023-02-15 17:01:13.185
151,63ed0fdea9f1a40025795404,1a40025792,SIN ESPECIFICAR,,,,SIN ESPECIFICAR,2023-02-15 17:01:18.401
152,63ed0feca9f1a4002579546f,1a40025792,SIN ESPECIFICAR,,,,SIN ESPECIFICAR,2023-02-15 17:01:32.231
153,63ed0feea9f1a4002579547e,1a40025792,SIN ESPECIFICAR,,,,SIN ESPECIFICAR,2023-02-15 17:01:34.327
154,63ed1001a9f1a400257954c8,1a40025792,SIN ESPECIFICAR,,,,SIN ESPECIFICAR,2023-02-15 17:01:53.202
155,63ed1012a9f1a40025795513,1a40025792,SIN ESPECIFICAR,,,,SIN ESPECIFICAR,2023-02-15 17:02:10.097
156,63ed101fa9f1a40025795575,1a40025792,SIN ESPECIFICAR,,,,SIN ESPECIFICAR,2023-02-15 17:02:23.883
157,63ed1026a9f1a40025795595,1a40025792,SIN ESPECIFICAR,,,,SIN ESPECIFICAR,2023-02-15 17:02:30.103
158,63ed1031a9f1a400257955ee,1a40025792,SIN ESPECIFICAR,,,,SIN ESPECIFICAR,2023-02-15 17:02:41.534
159,63ed1039a9f1a40025795629,1a40025792,SIN ESPECIFICAR,,,,SIN ESPECIFICAR,2023-02-15 17:02:49.292
160,63ed1042a9f1a40025795670,1a40025792,SIN ESPECIFICAR,,,,SIN ESPECIFICAR,2023-02-15 17:02:58.485
161,63ed104aa9f1a400257956b1,1a40025792,SIN ESPECIFICAR,,,,SIN ESPECIFICAR,2023-02-15 17:03:06.182
162,63ed1054a9f1a40025795708,1a40025792,SIN ESPECIFICAR,,,,SIN ESPECIFICAR,2023-02-15 17:03:16.420
163,63ed105ea9f1a4002579575a,1a40025792,SIN ESPECIFICAR,,,,SIN ESPECIFICAR,2023-02-15 17:03:26.185
164,63ed1065a9f1a4002579578f,1a40025792,SIN ESPECIFICAR,,,,SIN ESPECIFICAR,2023-02-15 17:03:33.148
165,63ed1070a9f1a400257957ec,1a40025792,SIN ESPECIFICAR,,,,SIN ESPECIFICAR,2023-02-15 17:03:44.785
166,63ed1073a9f1a4002579580a,1a40025792,VACA,False,,,SIN ESPECIFICAR,2023-02-15 17:03:47.895
167,63ed1084a9f1a40025795885,1a40025792,SIN ESPECIFICAR,,,,SIN ESPECIFICAR,2023-02-15 17:04:04.076
168,63ed1084a9f1a40025795890,1a40025792,SIN ESPECIFICAR,,,,SIN ESPECIFICAR,2023-02-15 17:04:04.719
169,63ed10b5a9f1a4002579592b,1a40025792,SIN ESPECIFICAR,,,,SIN ESPECIFICAR,2023-02-15 17:04:53.189
170,63ed10c5a9f1a40025795977,1a40025792,SIN ESPECIFICAR,,,,SIN ESPECIFICAR,2023-02-15 17:05:09.649
171,63ed10d5a9f1a400257959c5,1a40025792,SIN ESPECIFICAR,,,,SIN ESPECIFICAR,2023-02-15 17:05:25.700
172,63ed3c21a9f1a400257969b9,1a40025792,VACA,False,0.0,2023-02-15 20:10:09.754,DEFAULT-PUNTO-FIJO,2023-02-15 20:10:09.754
173,63ed3c48a9f1a400257969d6,1a40025792,VACA,False,0.0,2023-02-15 20:10:48.963,DEFAULT-PUNTO-FIJO,2023-02-15 20:10:48.963
174,63ed3c7ca9f1a40025796a47,1a40025792,VACA,False,0.0,2023-02-15 20:11:40.639,DEFAULT-PUNTO-FIJO,2023-02-15 20:11:40.639
175,63ed43f6a9f1a40025796d50,1a40025792,VACA,False,0.0,2023-02-15 20:43:34.927,DEFAULT-PUNTO-FIJO,2023-02-15 20:43:34.927
176,63ed4404a9f1a40025796d71,1a40025792,VACA,False,0.0,2023-02-15 20:43:48.905,DEFAULT-PUNTO-FIJO,2023-02-15 20:43:48.905
177,63ed440da9f1a40025796d85,1a40025792,VACA,False,0.0,2023-02-15 20:43:57.776,DEFAULT-PUNTO-FIJO,2023-02-15 20:43:57.776
178,63ee52afa9f1a40025797d8c,1a40025792,SIN ESPECIFICAR,,,,SIN ESPECIFICAR,2023-02-16 15:58:39.489
179,63ed0c40a9f1a40025794099,1a40025792,SIN ESPECIFICAR,,,,SIN ESPECIFICAR,2023-02-15 16:45:52.669
180,63ed0beca9f1a40025793edd,1a40025792,SIN ESPECIFICAR,,,,SIN ESPECIFICAR,2023-02-15 16:44:28.594
181,63ed0bb3a9f1a40025793db5,1a40025792,SIN ESPECIFICAR,,,,SIN ESPECIFICAR,2023-02-15 16:43:31.934
182,63ed0c5ba9f1a40025794154,1a40025792,SIN ESPECIFICAR,,,,SIN ESPECIFICAR,2023-02-15 16:46:19.558
183,63ed0c42a9f1a400257940a4,1a40025792,SIN ESPECIFICAR,False,,,SIN ESPECIFICAR,2023-02-15 16:45:54.008
184,63ed0c02a9f1a40025793f4e,1a40025792,SIN ESPECIFICAR,,,,SIN ESPECIFICAR,2023-02-15 16:44:50.384
185,63ed0be7a9f1a40025793eb4,1a40025792,SIN ESPECIFICAR,,,,SIN ESPECIFICAR,2023-02-15 16:44:23.719
186,63ed0bcba9f1a40025793e1a,1a40025792,SIN ESPECIFICAR,,,,SIN ESPECIFICAR,2023-02-15 16:43:55.595
187,63ed0c15a9f1a40025793fb2,1a40025792,NOVILLO,False,300.0,,SHORTHORN,2023-02-15 16:45:09.833
188,63ed0c69a9f1a400257941b3,1a40025792,SIN ESPECIFICAR,,,,SIN ESPECIFICAR,2023-02-15 16:46:33.100
189,63ed0bcda9f1a40025793e28,1a40025792,SIN ESPECIFICAR,,,,SIN ESPECIFICAR,2023-02-15 16:43:57.530
190,63ed0c23a9f1a40025793fe9,1a40025792,SIN ESPECIFICAR,,,,SIN ESPECIFICAR,2023-02-15 16:45:23.916
191,63ed0c58a9f1a40025794132,1a40025792,SIN ESPECIFICAR,,,,SIN ESPECIFICAR,2023-02-15 16:46:16.133
192,63ed0d7ca9f1a400257942d7,1a40025792,SIN ESPECIFICAR,False,,,SIN ESPECIFICAR,2023-02-15 16:51:08.808
193,63ed0c2ca9f1a40025794036,1a40025792,SIN ESPECIFICAR,,,,SIN ESPECIFICAR,2023-02-15 16:45:32.619
194,63ed0ca3a9f1a4002579421a,1a40025792,SIN ESPECIFICAR,,,,SIN ESPECIFICAR,2023-02-15 16:47:31.629
195,63ed0d70a9f1a40025794283,1a40025792,SIN ESPECIFICAR,,,,SIN ESPECIFICAR,2023-02-15 16:50:56.595
196,63f8b232110f66003023d9d6,e080030ba8,VACA,False,0.0,2023-02-24 12:48:50.292,DEFAULT-PUNTO-FIJO,2023-02-24 12:48:50.292
197,63f92eb3618a93003177363a,d590030662,VACA,False,0.0,2023-02-24 21:40:03.728,DEFAULT-PUNTO-FIJO,2023-02-24 21:40:03.728
198,63fc8a745a6103002ff21ca3,d590030662,VACA,False,0.0,2023-02-27 10:48:20.365,DEFAULT-PUNTO-FIJO,2023-02-27 10:48:20.365
199,63fc96e388939900301d776e,d590030662,SIN ESPECIFICAR,,,,SIN ESPECIFICAR,2023-02-27 11:41:23.367
200,63fc970188939900301d77b7,e080030ba8,VACA,False,0.0,2023-02-27 11:41:53.645,DEFAULT-PUNTO-FIJO,2023-02-27 11:41:53.645
201,63fc976e88939900301d7914,e080030ba8,SIN ESPECIFICAR,False,,,SIN ESPECIFICAR,2023-02-27 11:43:42.837
202,63fcfec4db53680da4769cee,e080030ba8,TERNERO,False,10.0,2000-01-01 00:00:00.000,SHORTHORN,2023-02-27 19:04:36.199
203,6400944d98dd6400309d7bb5,80f4378711,TORO,False,150.0,2022-09-14 00:00:00.000,SHORTHORN,2023-03-02 12:19:25.506
204,6400944d98dd6400309d7bb7,80f4378711,VAQUILLONA,True,150.0,2022-08-26 00:00:00.000,INDUSIN,2023-03-02 12:19:25.527
205,640095b298dd6400309d7bfb,80f4378711,TORO,False,150.0,2022-09-14 00:00:00.000,SHORTHORN,2023-03-02 12:25:22.033
206,640095b298dd6400309d7bfd,80f4378711,VACA,False,150.0,2022-08-26 00:00:00.000,INDUSIN,2023-03-02 12:25:22.035
207,640b794ee5142a002f655fe6,43d0026a01,VACA,False,0.0,2023-03-10 18:39:10.755,DEFAULT-PUNTO-FIJO,2023-03-10 18:39:10.755
208,640b79aee5142a002f656001,43d0026a01,VACA,False,0.0,2023-03-10 18:40:47.110,DEFAULT-PUNTO-FIJO,2023-03-10 18:40:47.110
209,640b79d4e5142a002f656015,43d0026a01,VACA,False,0.0,2023-03-10 18:41:24.227,DEFAULT-PUNTO-FIJO,2023-03-10 18:41:24.227
210,640b79fde5142a002f656029,43d0026a01,VACA,False,0.0,2023-03-10 18:42:05.749,DEFAULT-PUNTO-FIJO,2023-03-10 18:42:05.749
211,640b7a20e5142a002f65603a,43d0026a01,VACA,False,0.0,2023-03-10 18:42:41.026,DEFAULT-PUNTO-FIJO,2023-03-10 18:42:41.026
212,640b7a4be5142a002f65604e,43d0026a01,VACA,False,0.0,2023-03-10 18:43:24.140,DEFAULT-PUNTO-FIJO,2023-03-10 18:43:24.140
213,640b7a61e5142a002f65605f,43d0026a01,VACA,False,0.0,2023-03-10 18:43:46.226,DEFAULT-PUNTO-FIJO,2023-03-10 18:43:46.226
214,640b7a86e5142a002f656073,43d0026a01,VACA,False,0.0,2023-03-10 18:44:22.497,DEFAULT-PUNTO-FIJO,2023-03-10 18:44:22.497
215,640f68914124f63a68aef494,1a40025792,SIN ESPECIFICAR,,,,SIN ESPECIFICAR,2023-03-13 18:16:49.156
216,640f6ef10c8f4c1edc6767e4,1a40025792,SIN ESPECIFICAR,,,,SIN ESPECIFICAR,2023-03-13 18:44:01.591
217,640f6ef10c8f4c1edc6767e9,1a40025792,SIN ESPECIFICAR,,,,SIN ESPECIFICAR,2023-03-13 18:44:01.591
218,640f6ef10c8f4c1edc6767e5,1a40025792,SIN ESPECIFICAR,,,,SIN ESPECIFICAR,2023-03-13 18:44:01.591
219,640f6ef10c8f4c1edc6767ee,1a40025792,SIN ESPECIFICAR,,,,SIN ESPECIFICAR,2023-03-13 18:44:01.592
220,640f6ef10c8f4c1edc6767ec,1a40025792,SIN ESPECIFICAR,,,,SIN ESPECIFICAR,2023-03-13 18:44:01.592
221,640f6ef10c8f4c1edc6767e6,1a40025792,SIN ESPECIFICAR,,,,SIN ESPECIFICAR,2023-03-13 18:44:01.591
222,640f6ef10c8f4c1edc6767f3,1a40025792,SIN ESPECIFICAR,,,,SIN ESPECIFICAR,2023-03-13 18:44:01.592
223,640f6ef10c8f4c1edc6767f1,1a40025792,SIN ESPECIFICAR,,,,SIN ESPECIFICAR,2023-03-13 18:44:01.592
224,640f6ef10c8f4c1edc6767ea,1a40025792,SIN ESPECIFICAR,,,,SIN ESPECIFICAR,2023-03-13 18:44:01.591
225,640f6ef10c8f4c1edc6767f8,1a40025792,SIN ESPECIFICAR,,,,SIN ESPECIFICAR,2023-03-13 18:44:01.592
226,640f6ef10c8f4c1edc6767f6,1a40025792,SIN ESPECIFICAR,,,,SIN ESPECIFICAR,2023-03-13 18:44:01.592
227,640f6ef10c8f4c1edc6767e7,1a40025792,SIN ESPECIFICAR,,,,SIN ESPECIFICAR,2023-03-13 18:44:01.591
228,640f6ef10c8f4c1edc6767fd,1a40025792,SIN ESPECIFICAR,,,,SIN ESPECIFICAR,2023-03-13 18:44:01.592
229,640f6ef10c8f4c1edc6767ef,1a40025792,SIN ESPECIFICAR,,,,SIN ESPECIFICAR,2023-03-13 18:44:01.592
230,640f6ef10c8f4c1edc6767eb,1a40025792,SIN ESPECIFICAR,,,,SIN ESPECIFICAR,2023-03-13 18:44:01.591
231,640f6ef10c8f4c1edc6767fb,1a40025792,SIN ESPECIFICAR,,,,SIN ESPECIFICAR,2023-03-13 18:44:01.592
232,640f6ef10c8f4c1edc676802,1a40025792,SIN ESPECIFICAR,,,,SIN ESPECIFICAR,2023-03-13 18:44:01.593
233,640f6ef10c8f4c1edc6767e8,1a40025792,SIN ESPECIFICAR,,,,SIN ESPECIFICAR,2023-03-13 18:44:01.591
234,640f6ef10c8f4c1edc6767f4,1a40025792,SIN ESPECIFICAR,,,,SIN ESPECIFICAR,2023-03-13 18:44:01.592
235,640f6ef10c8f4c1edc6767f0,1a40025792,SIN ESPECIFICAR,,,,SIN ESPECIFICAR,2023-03-13 18:44:01.592
236,640f6ef10c8f4c1edc676800,1a40025792,SIN ESPECIFICAR,,,,SIN ESPECIFICAR,2023-03-13 18:44:01.593
237,640f6ef10c8f4c1edc6767ed,1a40025792,SIN ESPECIFICAR,,,,SIN ESPECIFICAR,2023-03-13 18:44:01.592
238,640f6ef10c8f4c1edc6767f9,1a40025792,SIN ESPECIFICAR,,,,SIN ESPECIFICAR,2023-03-13 18:44:01.592
239,640f6ef10c8f4c1edc676807,1a40025792,SIN ESPECIFICAR,,,,SIN ESPECIFICAR,2023-03-13 18:44:01.593
240,640f6ef10c8f4c1edc676805,1a40025792,SIN ESPECIFICAR,,,,SIN ESPECIFICAR,2023-03-13 18:44:01.593
241,640f6ef10c8f4c1edc6767f5,1a40025792,SIN ESPECIFICAR,,,,SIN ESPECIFICAR,2023-03-13 18:44:01.592
242,640f6ef10c8f4c1edc6767f2,1a40025792,SIN ESPECIFICAR,,,,SIN ESPECIFICAR,2023-03-13 18:44:01.592
243,640f6ef10c8f4c1edc6767fe,1a40025792,SIN ESPECIFICAR,,,,SIN ESPECIFICAR,2023-03-13 18:44:01.592
244,640f6ef10c8f4c1edc6767fa,1a40025792,SIN ESPECIFICAR,,,,SIN ESPECIFICAR,2023-03-13 18:44:01.592
245,640f6ef10c8f4c1edc67680c,1a40025792,SIN ESPECIFICAR,,,,SIN ESPECIFICAR,2023-03-13 18:44:01.593
246,640f6ef10c8f4c1edc67680a,1a40025792,SIN ESPECIFICAR,,,,SIN ESPECIFICAR,2023-03-13 18:44:01.593
247,640f6ef10c8f4c1edc676803,1a40025792,SIN ESPECIFICAR,,,,SIN ESPECIFICAR,2023-03-13 18:44:01.593
248,640f6ef10c8f4c1edc676811,1a40025792,SIN ESPECIFICAR,,,,SIN ESPECIFICAR,2023-03-13 18:44:01.593
249,640f6ef10c8f4c1edc6767ff,1a40025792,SIN ESPECIFICAR,,,,SIN ESPECIFICAR,2023-03-13 18:44:01.593
250,640f6ef10c8f4c1edc6767f7,1a40025792,SIN ESPECIFICAR,,,,SIN ESPECIFICAR,2023-03-13 18:44:01.592
251,640f6ef10c8f4c1edc67680f,1a40025792,SIN ESPECIFICAR,,,,SIN ESPECIFICAR,2023-03-13 18:44:01.593
252,640f6ef10c8f4c1edc6767fc,1a40025792,SIN ESPECIFICAR,,,,SIN ESPECIFICAR,2023-03-13 18:44:01.592
253,640f6ef10c8f4c1edc676804,1a40025792,SIN ESPECIFICAR,,,,SIN ESPECIFICAR,2023-03-13 18:44:01.593
254,640f6ef10c8f4c1edc676816,1a40025792,SIN ESPECIFICAR,,,,SIN ESPECIFICAR,2023-03-13 18:44:01.594
255,640f6ef10c8f4c1edc676808,1a40025792,SIN ESPECIFICAR,,,,SIN ESPECIFICAR,2023-03-13 18:44:01.593
256,640f6ef10c8f4c1edc676814,1a40025792,SIN ESPECIFICAR,,,,SIN ESPECIFICAR,2023-03-13 18:44:01.594
257,640f6ef10c8f4c1edc676801,1a40025792,SIN ESPECIFICAR,,,,SIN ESPECIFICAR,2023-03-13 18:44:01.593
258,640f6ef10c8f4c1edc67680d,1a40025792,SIN ESPECIFICAR,,,,SIN ESPECIFICAR,2023-03-13 18:44:01.593
259,640f6ef10c8f4c1edc67681b,1a40025792,SIN ESPECIFICAR,,,,SIN ESPECIFICAR,2023-03-13 18:44:01.594
260,640f6ef10c8f4c1edc676809,1a40025792,SIN ESPECIFICAR,,,,SIN ESPECIFICAR,2023-03-13 18:44:01.593
261,640f6ef10c8f4c1edc676819,1a40025792,SIN ESPECIFICAR,,,,SIN ESPECIFICAR,2023-03-13 18:44:01.594
262,640f6ef10c8f4c1edc676806,1a40025792,SIN ESPECIFICAR,,,,SIN ESPECIFICAR,2023-03-13 18:44:01.593
263,640f6ef10c8f4c1edc676820,1a40025792,SIN ESPECIFICAR,,,,SIN ESPECIFICAR,2023-03-13 18:44:01.594
264,640f6ef10c8f4c1edc67680e,1a40025792,SIN ESPECIFICAR,,,,SIN ESPECIFICAR,2023-03-13 18:44:01.593
265,640f6ef10c8f4c1edc676812,1a40025792,SIN ESPECIFICAR,,,,SIN ESPECIFICAR,2023-03-13 18:44:01.593
266,640f6ef10c8f4c1edc67680b,1a40025792,SIN ESPECIFICAR,,,,SIN ESPECIFICAR,2023-03-13 18:44:01.593
267,640f6ef10c8f4c1edc67681e,1a40025792,SIN ESPECIFICAR,,,,SIN ESPECIFICAR,2023-03-13 18:44:01.594
268,640f6ef10c8f4c1edc676813,1a40025792,SIN ESPECIFICAR,,,,SIN ESPECIFICAR,2023-03-13 18:44:01.593
269,640f6ef10c8f4c1edc676825,1a40025792,SIN ESPECIFICAR,,,,SIN ESPECIFICAR,2023-03-13 18:44:01.594
270,640f6ef10c8f4c1edc676817,1a40025792,SIN ESPECIFICAR,,,,SIN ESPECIFICAR,2023-03-13 18:44:01.594
271,640f6ef10c8f4c1edc676810,1a40025792,SIN ESPECIFICAR,,,,SIN ESPECIFICAR,2023-03-13 18:44:01.593
272,640f6ef10c8f4c1edc676823,1a40025792,SIN ESPECIFICAR,,,,SIN ESPECIFICAR,2023-03-13 18:44:01.594
273,640f6ef10c8f4c1edc676818,1a40025792,SIN ESPECIFICAR,,,,SIN ESPECIFICAR,2023-03-13 18:44:01.594
274,640f6ef10c8f4c1edc67682a,1a40025792,SIN ESPECIFICAR,,,,SIN ESPECIFICAR,2023-03-13 18:44:01.595
275,640f6ef10c8f4c1edc67681c,1a40025792,SIN ESPECIFICAR,,,,SIN ESPECIFICAR,2023-03-13 18:44:01.594
276,640f6ef10c8f4c1edc676815,1a40025792,SIN ESPECIFICAR,,,,SIN ESPECIFICAR,2023-03-13 18:44:01.594
277,640f6ef10c8f4c1edc67682f,1a40025792,SIN ESPECIFICAR,,,,SIN ESPECIFICAR,2023-03-13 18:44:01.595
278,640f6ef10c8f4c1edc676821,1a40025792,SIN ESPECIFICAR,,,,SIN ESPECIFICAR,2023-03-13 18:44:01.594
279,640f6ef10c8f4c1edc67681d,1a40025792,SIN ESPECIFICAR,,,,SIN ESPECIFICAR,2023-03-13 18:44:01.594
280,640f6ef10c8f4c1edc676828,1a40025792,SIN ESPECIFICAR,,,,SIN ESPECIFICAR,2023-03-13 18:44:01.594
281,640f6ef10c8f4c1edc67681a,1a40025792,SIN ESPECIFICAR,,,,SIN ESPECIFICAR,2023-03-13 18:44:01.594
282,640f6ef10c8f4c1edc676834,1a40025792,SIN ESPECIFICAR,,,,SIN ESPECIFICAR,2023-03-13 18:44:01.595
283,640f6ef10c8f4c1edc676826,1a40025792,SIN ESPECIFICAR,,,,SIN ESPECIFICAR,2023-03-13 18:44:01.594
284,640f6ef10c8f4c1edc676822,1a40025792,SIN ESPECIFICAR,,,,SIN ESPECIFICAR,2023-03-13 18:44:01.594
285,640f6ef10c8f4c1edc67682d,1a40025792,SIN ESPECIFICAR,,,,SIN ESPECIFICAR,2023-03-13 18:44:01.595
286,640f6ef10c8f4c1edc67681f,1a40025792,SIN ESPECIFICAR,,,,SIN ESPECIFICAR,2023-03-13 18:44:01.594
287,640f6ef10c8f4c1edc67682b,1a40025792,SIN ESPECIFICAR,,,,SIN ESPECIFICAR,2023-03-13 18:44:01.595
288,640f6ef10c8f4c1edc676832,1a40025792,SIN ESPECIFICAR,,,,SIN ESPECIFICAR,2023-03-13 18:44:01.595
289,640f6ef10c8f4c1edc676839,1a40025792,SIN ESPECIFICAR,,,,SIN ESPECIFICAR,2023-03-13 18:44:01.596
290,640f6ef10c8f4c1edc676824,1a40025792,SIN ESPECIFICAR,,,,SIN ESPECIFICAR,2023-03-13 18:44:01.594
291,640f6ef10c8f4c1edc676827,1a40025792,SIN ESPECIFICAR,,,,SIN ESPECIFICAR,2023-03-13 18:44:01.594
292,640f6ef10c8f4c1edc676837,1a40025792,SIN ESPECIFICAR,,,,SIN ESPECIFICAR,2023-03-13 18:44:01.596
293,640f6ef10c8f4c1edc676829,1a40025792,SIN ESPECIFICAR,,,,SIN ESPECIFICAR,2023-03-13 18:44:01.594
294,640f6ef10c8f4c1edc676830,1a40025792,SIN ESPECIFICAR,,,,SIN ESPECIFICAR,2023-03-13 18:44:01.595
295,640f6ef10c8f4c1edc67683e,1a40025792,SIN ESPECIFICAR,,,,SIN ESPECIFICAR,2023-03-13 18:44:01.596
296,640f6ef10c8f4c1edc67682c,1a40025792,SIN ESPECIFICAR,,,,SIN ESPECIFICAR,2023-03-13 18:44:01.595
297,640f6ef10c8f4c1edc67682e,1a40025792,SIN ESPECIFICAR,,,,SIN ESPECIFICAR,2023-03-13 18:44:01.595
298,640f6ef10c8f4c1edc676835,1a40025792,SIN ESPECIFICAR,,,,SIN ESPECIFICAR,2023-03-13 18:44:01.595
299,640f6ef10c8f4c1edc676831,1a40025792,SIN ESPECIFICAR,,,,SIN ESPECIFICAR,2023-03-13 18:44:01.595
300,640f6ef10c8f4c1edc676843,1a40025792,SIN ESPECIFICAR,,,,SIN ESPECIFICAR,2023-03-13 18:44:01.596
301,640f6ef10c8f4c1edc67683c,1a40025792,SIN ESPECIFICAR,,,,SIN ESPECIFICAR,2023-03-13 18:44:01.596
302,640f6ef10c8f4c1edc67683a,1a40025792,SIN ESPECIFICAR,,,,SIN ESPECIFICAR,2023-03-13 18:44:01.596
303,640f6ef10c8f4c1edc676833,1a40025792,SIN ESPECIFICAR,,,,SIN ESPECIFICAR,2023-03-13 18:44:01.595
304,640f6ef10c8f4c1edc676836,1a40025792,SIN ESPECIFICAR,,,,SIN ESPECIFICAR,2023-03-13 18:44:01.596
305,640f6ef10c8f4c1edc676841,1a40025792,SIN ESPECIFICAR,,,,SIN ESPECIFICAR,2023-03-13 18:44:01.596
306,640f6ef10c8f4c1edc67683b,1a40025792,SIN ESPECIFICAR,,,,SIN ESPECIFICAR,2023-03-13 18:44:01.596
307,640f6ef10c8f4c1edc67683f,1a40025792,SIN ESPECIFICAR,,,,SIN ESPECIFICAR,2023-03-13 18:44:01.596
308,640f6ef10c8f4c1edc676838,1a40025792,SIN ESPECIFICAR,,,,SIN ESPECIFICAR,2023-03-13 18:44:01.596
309,640f6ef10c8f4c1edc676846,1a40025792,SIN ESPECIFICAR,,,,SIN ESPECIFICAR,2023-03-13 18:44:01.596
310,640f6ef10c8f4c1edc676840,1a40025792,SIN ESPECIFICAR,,,,SIN ESPECIFICAR,2023-03-13 18:44:01.596
311,640f6ef10c8f4c1edc676844,1a40025792,SIN ESPECIFICAR,,,,SIN ESPECIFICAR,2023-03-13 18:44:01.596
312,640f6ef10c8f4c1edc676845,1a40025792,SIN ESPECIFICAR,,,,SIN ESPECIFICAR,2023-03-13 18:44:01.596
313,640f6ef10c8f4c1edc67683d,1a40025792,SIN ESPECIFICAR,,,,SIN ESPECIFICAR,2023-03-13 18:44:01.596
314,640f6ef10c8f4c1edc676842,1a40025792,SIN ESPECIFICAR,,,,SIN ESPECIFICAR,2023-03-13 18:44:01.596
315,640f6ef10c8f4c1edc676847,1a40025792,SIN ESPECIFICAR,,,,SIN ESPECIFICAR,2023-03-13 18:44:01.596
316,641b3d5129c92200301a6c8a,80f4378711,TERNERO,False,10.0,2000-01-01 00:00:00.000,NELORE,2023-03-22 17:39:29.918
317,64234a7d2d19ba003055aa7e,1a40025792,VACA,False,100.0,2022-06-18 00:00:00.000,HEREFORD,2023-03-28 20:13:49.037
318,64234a7d2d19ba003055aa84,1a40025792,VACA,False,100.0,2022-06-18 00:00:00.000,HEREFORD,2023-03-28 20:13:49.044
319,64234a7d2d19ba003055aa80,1a40025792,VACA,False,100.0,2022-06-18 00:00:00.000,HEREFORD,2023-03-28 20:13:49.041
320,64234a7d2d19ba003055aa86,1a40025792,VACA,False,100.0,2022-06-18 00:00:00.000,HEREFORD,2023-03-28 20:13:49.045
321,64234a7d2d19ba003055aa82,1a40025792,VACA,False,100.0,2022-06-18 00:00:00.000,HEREFORD,2023-03-28 20:13:49.042
322,64234a7d2d19ba003055aa88,1a40025792,VACA,False,100.0,2022-06-18 00:00:00.000,HEREFORD,2023-03-28 20:13:49.046
323,64234a7d2d19ba003055aa8a,1a40025792,VACA,False,100.0,2022-06-18 00:00:00.000,HEREFORD,2023-03-28 20:13:49.050
324,64234a7d2d19ba003055aa8c,1a40025792,VACA,False,100.0,2022-06-18 00:00:00.000,HEREFORD,2023-03-28 20:13:49.202
325,64234a7d2d19ba003055aa8e,1a40025792,VACA,False,100.0,2022-06-18 00:00:00.000,HEREFORD,2023-03-28 20:13:49.204
326,64234a7d2d19ba003055aa90,1a40025792,VACA,False,100.0,2022-06-18 00:00:00.000,HEREFORD,2023-03-28 20:13:49.206
327,6423540e0dac550030135001,1a40025792,VACA,False,100.0,2022-06-18 00:00:00.000,HEREFORD,2023-03-28 20:54:38.938
328,6423540e0dac550030135003,1a40025792,VACA,False,100.0,2022-06-18 00:00:00.000,HEREFORD,2023-03-28 20:54:38.941
329,6423540e0dac550030135005,1a40025792,VACA,False,100.0,2022-06-18 00:00:00.000,HEREFORD,2023-03-28 20:54:38.942
330,642354130dac55003013500f,1a40025792,VACA,False,100.0,2022-06-18 00:00:00.000,HEREFORD,2023-03-28 20:54:43.658
331,642354130dac550030135017,1a40025792,VACA,False,100.0,2022-06-18 00:00:00.000,HEREFORD,2023-03-28 20:54:43.746
332,642354130dac55003013500d,1a40025792,VACA,False,100.0,2022-06-18 00:00:00.000,HEREFORD,2023-03-28 20:54:43.656
333,642354130dac550030135019,1a40025792,VACA,False,100.0,2022-06-18 00:00:00.000,HEREFORD,2023-03-28 20:54:43.748
334,642354130dac55003013501f,1a40025792,VACA,False,100.0,2022-06-18 00:00:00.000,HEREFORD,2023-03-28 20:54:43.754
335,642354130dac55003013501d,1a40025792,VACA,False,100.0,2022-06-18 00:00:00.000,HEREFORD,2023-03-28 20:54:43.752
336,642354130dac55003013501b,1a40025792,VACA,False,100.0,2022-06-18 00:00:00.000,HEREFORD,2023-03-28 20:54:43.750
337,642354130dac550030135021,1a40025792,VACA,False,100.0,2022-06-18 00:00:00.000,HEREFORD,2023-03-28 20:54:43.755
338,642354130dac55003013502b,1a40025792,VACA,False,100.0,2022-06-18 00:00:00.000,HEREFORD,2023-03-28 20:54:43.952
339,642354140dac55003013502f,1a40025792,VACA,False,100.0,2022-06-18 00:00:00.000,HEREFORD,2023-03-28 20:54:44.037
340,642354130dac55003013502d,1a40025792,VACA,False,100.0,2022-06-18 00:00:00.000,HEREFORD,2023-03-28 20:54:44.036
341,642354140dac550030135031,1a40025792,VACA,False,100.0,2022-06-18 00:00:00.000,HEREFORD,2023-03-28 20:54:44.038
342,642354140dac550030135033,1a40025792,VACA,False,100.0,2022-06-18 00:00:00.000,HEREFORD,2023-03-28 20:54:44.039
343,642354140dac55003013503d,1a40025792,VACA,False,100.0,2022-06-18 00:00:00.000,HEREFORD,2023-03-28 20:54:44.062
344,642354140dac550030135043,1a40025792,VACA,False,100.0,2022-06-18 00:00:00.000,HEREFORD,2023-03-28 20:54:44.065
345,642354140dac55003013503f,1a40025792,VACA,False,100.0,2022-06-18 00:00:00.000,HEREFORD,2023-03-28 20:54:44.063
346,642354140dac550030135041,1a40025792,VACA,False,100.0,2022-06-18 00:00:00.000,HEREFORD,2023-03-28 20:54:44.064
347,642354140dac55003013503b,1a40025792,VACA,False,100.0,2022-06-18 00:00:00.000,HEREFORD,2023-03-28 20:54:44.061
348,642354180dac550030135075,1a40025792,VACA,False,100.0,2022-06-18 00:00:00.000,HEREFORD,2023-03-28 20:54:48.369
349,642354180dac550030135073,1a40025792,VACA,False,100.0,2022-06-18 00:00:00.000,HEREFORD,2023-03-28 20:54:48.366
350,642354180dac550030135077,1a40025792,VACA,False,100.0,2022-06-18 00:00:00.000,HEREFORD,2023-03-28 20:54:48.436
351,642354180dac550030135071,1a40025792,VACA,False,100.0,2022-06-18 00:00:00.000,HEREFORD,2023-03-28 20:54:48.361
352,642354180dac55003013507d,1a40025792,VACA,False,100.0,2022-06-18 00:00:00.000,HEREFORD,2023-03-28 20:54:48.441
353,642354180dac55003013507b,1a40025792,VACA,False,100.0,2022-06-18 00:00:00.000,HEREFORD,2023-03-28 20:54:48.439
354,642354180dac55003013507f,1a40025792,VACA,False,100.0,2022-06-18 00:00:00.000,HEREFORD,2023-03-28 20:54:48.446
355,642354180dac550030135079,1a40025792,VACA,False,100.0,2022-06-18 00:00:00.000,HEREFORD,2023-03-28 20:54:48.437
356,642354180dac550030135083,1a40025792,VACA,False,100.0,2022-06-18 00:00:00.000,HEREFORD,2023-03-28 20:54:48.449
357,642354180dac550030135085,1a40025792,VACA,False,100.0,2022-06-18 00:00:00.000,HEREFORD,2023-03-28 20:54:48.451
358,642354180dac550030135087,1a40025792,VACA,False,100.0,2022-06-18 00:00:00.000,HEREFORD,2023-03-28 20:54:48.452
359,642354180dac550030135081,1a40025792,VACA,False,100.0,2022-06-18 00:00:00.000,HEREFORD,2023-03-28 20:54:48.447
360,642354180dac5500301350a4,1a40025792,VACA,False,100.0,2022-06-18 00:00:00.000,HEREFORD,2023-03-28 20:54:48.952
361,642354180dac5500301350a2,1a40025792,VACA,False,100.0,2022-06-18 00:00:00.000,HEREFORD,2023-03-28 20:54:48.951
362,642354180dac5500301350a6,1a40025792,VACA,False,100.0,2022-06-18 00:00:00.000,HEREFORD,2023-03-28 20:54:48.953
363,642354180dac5500301350a8,1a40025792,VACA,False,100.0,2022-06-18 00:00:00.000,HEREFORD,2023-03-28 20:54:48.954
364,642354190dac5500301350d0,1a40025792,VACA,False,100.0,2022-06-18 00:00:00.000,HEREFORD,2023-03-28 20:54:49.248
365,642354190dac5500301350d2,1a40025792,VACA,False,100.0,2022-06-18 00:00:00.000,HEREFORD,2023-03-28 20:54:49.249
366,642354190dac5500301350d4,1a40025792,VACA,False,100.0,2022-06-18 00:00:00.000,HEREFORD,2023-03-28 20:54:49.250
367,642354190dac5500301350ce,1a40025792,VACA,False,100.0,2022-06-18 00:00:00.000,HEREFORD,2023-03-28 20:54:49.247
368,642354190dac5500301350da,1a40025792,VACA,False,100.0,2022-06-18 00:00:00.000,HEREFORD,2023-03-28 20:54:49.253
369,642354190dac5500301350dc,1a40025792,VACA,False,100.0,2022-06-18 00:00:00.000,HEREFORD,2023-03-28 20:54:49.254
370,642354190dac5500301350d6,1a40025792,VACA,False,100.0,2022-06-18 00:00:00.000,HEREFORD,2023-03-28 20:54:49.251
371,642354190dac5500301350d8,1a40025792,VACA,False,100.0,2022-06-18 00:00:00.000,HEREFORD,2023-03-28 20:54:49.252
372,642354190dac5500301350e2,1a40025792,VACA,False,100.0,2022-06-18 00:00:00.000,HEREFORD,2023-03-28 20:54:49.339
373,642354190dac5500301350de,1a40025792,VACA,False,100.0,2022-06-18 00:00:00.000,HEREFORD,2023-03-28 20:54:49.337
374,642354190dac5500301350e4,1a40025792,VACA,False,100.0,2022-06-18 00:00:00.000,HEREFORD,2023-03-28 20:54:49.341
375,642354190dac5500301350e0,1a40025792,VACA,False,100.0,2022-06-18 00:00:00.000,HEREFORD,2023-03-28 20:54:49.338
376,642354190dac5500301350ea,1a40025792,VACA,False,100.0,2022-06-18 00:00:00.000,HEREFORD,2023-03-28 20:54:49.344
377,642354190dac5500301350e6,1a40025792,VACA,False,100.0,2022-06-18 00:00:00.000,HEREFORD,2023-03-28 20:54:49.342
378,642354190dac5500301350e8,1a40025792,VACA,False,100.0,2022-06-18 00:00:00.000,HEREFORD,2023-03-28 20:54:49.343
379,642354190dac5500301350ec,1a40025792,VACA,False,100.0,2022-06-18 00:00:00.000,HEREFORD,2023-03-28 20:54:49.345
380,6423541a0dac5500301350f3,1a40025792,VACA,False,100.0,2022-06-18 00:00:00.000,HEREFORD,2023-03-28 20:54:50.528
381,642356d10dac5500301357f9,1a40025792,VACA,False,100.0,2022-06-18 00:00:00.000,HEREFORD,2023-03-28 21:06:25.348
382,642356d10dac5500301357f7,1a40025792,VACA,False,100.0,2022-06-18 00:00:00.000,HEREFORD,2023-03-28 21:06:25.346
383,642356d10dac550030135809,1a40025792,VACA,False,100.0,2022-06-18 00:00:00.000,HEREFORD,2023-03-28 21:06:25.451
384,642356d10dac550030135807,1a40025792,VACA,False,100.0,2022-06-18 00:00:00.000,HEREFORD,2023-03-28 21:06:25.441
385,642356d10dac550030135805,1a40025792,VACA,False,100.0,2022-06-18 00:00:00.000,HEREFORD,2023-03-28 21:06:25.439
386,642356d10dac550030135816,1a40025792,VACA,False,100.0,2022-06-18 00:00:00.000,HEREFORD,2023-03-28 21:06:25.474
387,642356d10dac550030135814,1a40025792,VACA,False,100.0,2022-06-18 00:00:00.000,HEREFORD,2023-03-28 21:06:25.473
388,642356d10dac550030135812,1a40025792,VACA,False,100.0,2022-06-18 00:00:00.000,HEREFORD,2023-03-28 21:06:25.472
389,642356d10dac550030135821,1a40025792,VACA,False,100.0,2022-06-18 00:00:00.000,HEREFORD,2023-03-28 21:06:25.542
390,642356d10dac550030135825,1a40025792,VACA,False,100.0,2022-06-18 00:00:00.000,HEREFORD,2023-03-28 21:06:25.544
391,642356d10dac550030135823,1a40025792,VACA,False,100.0,2022-06-18 00:00:00.000,HEREFORD,2023-03-28 21:06:25.543
392,642356d10dac55003013582e,1a40025792,VACA,False,100.0,2022-06-18 00:00:00.000,HEREFORD,2023-03-28 21:06:25.551
393,642356d10dac550030135830,1a40025792,VACA,False,100.0,2022-06-18 00:00:00.000,HEREFORD,2023-03-28 21:06:25.552
394,642356d10dac55003013583f,1a40025792,VACA,False,100.0,2022-06-18 00:00:00.000,HEREFORD,2023-03-28 21:06:25.664
395,642356d10dac550030135841,1a40025792,VACA,False,100.0,2022-06-18 00:00:00.000,HEREFORD,2023-03-28 21:06:25.665
396,642356d10dac550030135843,1a40025792,VACA,False,100.0,2022-06-18 00:00:00.000,HEREFORD,2023-03-28 21:06:25.666
397,642356d10dac550030135845,1a40025792,VACA,False,100.0,2022-06-18 00:00:00.000,HEREFORD,2023-03-28 21:06:25.677
398,642356d10dac550030135847,1a40025792,VACA,False,100.0,2022-06-18 00:00:00.000,HEREFORD,2023-03-28 21:06:25.737
399,642356d10dac550030135849,1a40025792,VACA,False,100.0,2022-06-18 00:00:00.000,HEREFORD,2023-03-28 21:06:25.742
400,642356d10dac55003013584b,1a40025792,VACA,False,100.0,2022-06-18 00:00:00.000,HEREFORD,2023-03-28 21:06:25.744
401,642356d10dac55003013585c,1a40025792,VACA,False,100.0,2022-06-18 00:00:00.000,HEREFORD,2023-03-28 21:06:25.843
402,642356d10dac55003013585a,1a40025792,VACA,False,100.0,2022-06-18 00:00:00.000,HEREFORD,2023-03-28 21:06:25.842
403,642356d10dac550030135856,1a40025792,VACA,False,100.0,2022-06-18 00:00:00.000,HEREFORD,2023-03-28 21:06:25.840
404,642356d10dac55003013585e,1a40025792,VACA,False,100.0,2022-06-18 00:00:00.000,HEREFORD,2023-03-28 21:06:25.844
405,642356d10dac550030135858,1a40025792,VACA,False,100.0,2022-06-18 00:00:00.000,HEREFORD,2023-03-28 21:06:25.841
406,642356d10dac55003013586a,1a40025792,VACA,False,100.0,2022-06-18 00:00:00.000,HEREFORD,2023-03-28 21:06:25.853
407,642356d10dac550030135862,1a40025792,VACA,False,100.0,2022-06-18 00:00:00.000,HEREFORD,2023-03-28 21:06:25.846
408,642356d10dac550030135860,1a40025792,VACA,False,100.0,2022-06-18 00:00:00.000,HEREFORD,2023-03-28 21:06:25.845
409,642356d10dac55003013586c,1a40025792,VACA,False,100.0,2022-06-18 00:00:00.000,HEREFORD,2023-03-28 21:06:25.854
410,642356d10dac550030135872,1a40025792,VACA,False,100.0,2022-06-18 00:00:00.000,HEREFORD,2023-03-28 21:06:25.857
411,642356d10dac550030135874,1a40025792,VACA,False,100.0,2022-06-18 00:00:00.000,HEREFORD,2023-03-28 21:06:25.858
412,642356d10dac550030135876,1a40025792,VACA,False,100.0,2022-06-18 00:00:00.000,HEREFORD,2023-03-28 21:06:25.860
413,642356d10dac550030135870,1a40025792,VACA,False,100.0,2022-06-18 00:00:00.000,HEREFORD,2023-03-28 21:06:25.856
414,642356d10dac55003013586e,1a40025792,VACA,False,100.0,2022-06-18 00:00:00.000,HEREFORD,2023-03-28 21:06:25.855
415,642356d10dac55003013588a,1a40025792,VACA,False,100.0,2022-06-18 00:00:00.000,HEREFORD,2023-03-28 21:06:25.965
416,642356d10dac550030135888,1a40025792,VACA,False,100.0,2022-06-18 00:00:00.000,HEREFORD,2023-03-28 21:06:25.964
417,642356d10dac550030135882,1a40025792,VACA,False,100.0,2022-06-18 00:00:00.000,HEREFORD,2023-03-28 21:06:25.959
418,642356d10dac550030135878,1a40025792,VACA,False,100.0,2022-06-18 00:00:00.000,HEREFORD,2023-03-28 21:06:25.862
419,642356d10dac550030135886,1a40025792,VACA,False,100.0,2022-06-18 00:00:00.000,HEREFORD,2023-03-28 21:06:25.963
420,642356d10dac55003013588c,1a40025792,VACA,False,100.0,2022-06-18 00:00:00.000,HEREFORD,2023-03-28 21:06:25.966
421,642356d20dac55003013589f,1a40025792,VACA,False,100.0,2022-06-18 00:00:00.000,HEREFORD,2023-03-28 21:06:26.140
422,642356d10dac550030135884,1a40025792,VACA,False,100.0,2022-06-18 00:00:00.000,HEREFORD,2023-03-28 21:06:25.961
423,642356d20dac55003013589d,1a40025792,VACA,False,100.0,2022-06-18 00:00:00.000,HEREFORD,2023-03-28 21:06:26.139
424,642356d20dac550030135890,1a40025792,VACA,False,100.0,2022-06-18 00:00:00.000,HEREFORD,2023-03-28 21:06:26.039
425,642356d20dac5500301358a1,1a40025792,VACA,False,100.0,2022-06-18 00:00:00.000,HEREFORD,2023-03-28 21:06:26.141
426,642356d10dac55003013588e,1a40025792,VACA,False,100.0,2022-06-18 00:00:00.000,HEREFORD,2023-03-28 21:06:26.036
427,642356d20dac5500301358a7,1a40025792,VACA,False,100.0,2022-06-18 00:00:00.000,HEREFORD,2023-03-28 21:06:26.148
428,642356d20dac55003013589b,1a40025792,VACA,False,100.0,2022-06-18 00:00:00.000,HEREFORD,2023-03-28 21:06:26.137
429,642356d20dac5500301358b1,1a40025792,VACA,False,100.0,2022-06-18 00:00:00.000,HEREFORD,2023-03-28 21:06:26.240
430,642356d20dac5500301358ab,1a40025792,VACA,False,100.0,2022-06-18 00:00:00.000,HEREFORD,2023-03-28 21:06:26.162
431,642356d20dac5500301358a3,1a40025792,VACA,False,100.0,2022-06-18 00:00:00.000,HEREFORD,2023-03-28 21:06:26.142
432,642356d20dac5500301358a5,1a40025792,VACA,False,100.0,2022-06-18 00:00:00.000,HEREFORD,2023-03-28 21:06:26.143
433,642356d20dac5500301358a9,1a40025792,VACA,False,100.0,2022-06-18 00:00:00.000,HEREFORD,2023-03-28 21:06:26.160
434,642356d20dac5500301358b5,1a40025792,VACA,False,100.0,2022-06-18 00:00:00.000,HEREFORD,2023-03-28 21:06:26.243
435,642356d20dac5500301358ad,1a40025792,VACA,False,100.0,2022-06-18 00:00:00.000,HEREFORD,2023-03-28 21:06:26.237
436,642356d20dac5500301358af,1a40025792,VACA,False,100.0,2022-06-18 00:00:00.000,HEREFORD,2023-03-28 21:06:26.238
437,642356d20dac5500301358bb,1a40025792,VACA,False,100.0,2022-06-18 00:00:00.000,HEREFORD,2023-03-28 21:06:26.245
438,642356d20dac5500301358b3,1a40025792,VACA,False,100.0,2022-06-18 00:00:00.000,HEREFORD,2023-03-28 21:06:26.241
439,642356d20dac5500301358bf,1a40025792,VACA,False,100.0,2022-06-18 00:00:00.000,HEREFORD,2023-03-28 21:06:26.247
440,642356d20dac5500301358b9,1a40025792,VACA,False,100.0,2022-06-18 00:00:00.000,HEREFORD,2023-03-28 21:06:26.244
441,642356d20dac5500301358c5,1a40025792,VACA,False,100.0,2022-06-18 00:00:00.000,HEREFORD,2023-03-28 21:06:26.254
442,642356d20dac5500301358b7,1a40025792,VACA,False,100.0,2022-06-18 00:00:00.000,HEREFORD,2023-03-28 21:06:26.244
443,642356d20dac5500301358bd,1a40025792,VACA,False,100.0,2022-06-18 00:00:00.000,HEREFORD,2023-03-28 21:06:26.246
444,642356d20dac5500301358c3,1a40025792,VACA,False,100.0,2022-06-18 00:00:00.000,HEREFORD,2023-03-28 21:06:26.251
445,642356d20dac5500301358c1,1a40025792,VACA,False,100.0,2022-06-18 00:00:00.000,HEREFORD,2023-03-28 21:06:26.249
446,642356d20dac5500301358c7,1a40025792,VACA,False,100.0,2022-06-18 00:00:00.000,HEREFORD,2023-03-28 21:06:26.336
447,642356d20dac5500301358c9,1a40025792,VACA,False,100.0,2022-06-18 00:00:00.000,HEREFORD,2023-03-28 21:06:26.443
448,642356d20dac5500301358cb,1a40025792,VACA,False,100.0,2022-06-18 00:00:00.000,HEREFORD,2023-03-28 21:06:26.538
449,642356d20dac5500301358cd,1a40025792,VACA,False,100.0,2022-06-18 00:00:00.000,HEREFORD,2023-03-28 21:06:26.540
450,642356d20dac5500301358cf,1a40025792,VACA,False,100.0,2022-06-18 00:00:00.000,HEREFORD,2023-03-28 21:06:26.542
451,642356d20dac5500301358d1,1a40025792,VACA,False,100.0,2022-06-18 00:00:00.000,HEREFORD,2023-03-28 21:06:26.544
452,642356d20dac5500301358d3,1a40025792,VACA,False,100.0,2022-06-18 00:00:00.000,HEREFORD,2023-03-28 21:06:26.545
453,642356d20dac5500301358d5,1a40025792,VACA,False,100.0,2022-06-18 00:00:00.000,HEREFORD,2023-03-28 21:06:26.546
454,642356d20dac5500301358d7,1a40025792,VACA,False,100.0,2022-06-18 00:00:00.000,HEREFORD,2023-03-28 21:06:26.552
455,642356d20dac5500301358d9,1a40025792,VACA,False,100.0,2022-06-18 00:00:00.000,HEREFORD,2023-03-28 21:06:26.554
456,642356d20dac5500301358db,1a40025792,VACA,False,100.0,2022-06-18 00:00:00.000,HEREFORD,2023-03-28 21:06:26.638
457,642356d20dac5500301358dd,1a40025792,VACA,False,100.0,2022-06-18 00:00:00.000,HEREFORD,2023-03-28 21:06:26.640
458,642356d20dac5500301358e3,1a40025792,VACA,False,100.0,2022-06-18 00:00:00.000,HEREFORD,2023-03-28 21:06:26.645
459,642356d20dac5500301358df,1a40025792,VACA,False,100.0,2022-06-18 00:00:00.000,HEREFORD,2023-03-28 21:06:26.641
460,642356d20dac5500301358e1,1a40025792,VACA,False,100.0,2022-06-18 00:00:00.000,HEREFORD,2023-03-28 21:06:26.643
461,642356d20dac5500301358e5,1a40025792,VACA,False,100.0,2022-06-18 00:00:00.000,HEREFORD,2023-03-28 21:06:26.646
462,642356d20dac5500301358e7,1a40025792,VACA,False,100.0,2022-06-18 00:00:00.000,HEREFORD,2023-03-28 21:06:26.648
463,642356d20dac5500301358eb,1a40025792,VACA,False,100.0,2022-06-18 00:00:00.000,HEREFORD,2023-03-28 21:06:26.649
464,642356d20dac5500301358e9,1a40025792,VACA,False,100.0,2022-06-18 00:00:00.000,HEREFORD,2023-03-28 21:06:26.648
465,642356d20dac5500301358ed,1a40025792,VACA,False,100.0,2022-06-18 00:00:00.000,HEREFORD,2023-03-28 21:06:26.650
466,642356d20dac5500301358ef,1a40025792,VACA,False,100.0,2022-06-18 00:00:00.000,HEREFORD,2023-03-28 21:06:26.737
467,642356d20dac5500301358f1,1a40025792,VACA,False,100.0,2022-06-18 00:00:00.000,HEREFORD,2023-03-28 21:06:26.741
468,642356d20dac5500301358f5,1a40025792,VACA,False,100.0,2022-06-18 00:00:00.000,HEREFORD,2023-03-28 21:06:26.748
469,642356d20dac5500301358fb,1a40025792,VACA,False,100.0,2022-06-18 00:00:00.000,HEREFORD,2023-03-28 21:06:26.836
470,642356d20dac5500301358f3,1a40025792,VACA,False,100.0,2022-06-18 00:00:00.000,HEREFORD,2023-03-28 21:06:26.745
471,642356d20dac5500301358f9,1a40025792,VACA,False,100.0,2022-06-18 00:00:00.000,HEREFORD,2023-03-28 21:06:26.753
472,642356d20dac5500301358f7,1a40025792,VACA,False,100.0,2022-06-18 00:00:00.000,HEREFORD,2023-03-28 21:06:26.750
473,642356d20dac5500301358ff,1a40025792,VACA,False,100.0,2022-06-18 00:00:00.000,HEREFORD,2023-03-28 21:06:26.840
474,642356d20dac550030135903,1a40025792,VACA,False,100.0,2022-06-18 00:00:00.000,HEREFORD,2023-03-28 21:06:26.844
475,642356d20dac5500301358fd,1a40025792,VACA,False,100.0,2022-06-18 00:00:00.000,HEREFORD,2023-03-28 21:06:26.838
476,642356d20dac550030135905,1a40025792,VACA,False,100.0,2022-06-18 00:00:00.000,HEREFORD,2023-03-28 21:06:26.846
477,642356d20dac550030135901,1a40025792,VACA,False,100.0,2022-06-18 00:00:00.000,HEREFORD,2023-03-28 21:06:26.843
478,642356d20dac55003013590d,1a40025792,VACA,False,100.0,2022-06-18 00:00:00.000,HEREFORD,2023-03-28 21:06:26.945
479,642356d20dac550030135907,1a40025792,VACA,False,100.0,2022-06-18 00:00:00.000,HEREFORD,2023-03-28 21:06:26.848
480,642356d20dac550030135909,1a40025792,VACA,False,100.0,2022-06-18 00:00:00.000,HEREFORD,2023-03-28 21:06:26.850
481,642356d20dac55003013590f,1a40025792,VACA,False,100.0,2022-06-18 00:00:00.000,HEREFORD,2023-03-28 21:06:26.947
482,642356d20dac55003013590b,1a40025792,VACA,False,100.0,2022-06-18 00:00:00.000,HEREFORD,2023-03-28 21:06:26.942
483,642356d20dac550030135913,1a40025792,VACA,False,100.0,2022-06-18 00:00:00.000,HEREFORD,2023-03-28 21:06:26.950
484,642356d20dac550030135911,1a40025792,VACA,False,100.0,2022-06-18 00:00:00.000,HEREFORD,2023-03-28 21:06:26.949
485,642356d30dac550030135915,1a40025792,VACA,False,100.0,2022-06-18 00:00:00.000,HEREFORD,2023-03-28 21:06:27.150
486,642356d30dac550030135919,1a40025792,VACA,False,100.0,2022-06-18 00:00:00.000,HEREFORD,2023-03-28 21:06:27.162
487,642356d30dac550030135917,1a40025792,VACA,False,100.0,2022-06-18 00:00:00.000,HEREFORD,2023-03-28 21:06:27.154
488,642356d30dac55003013591b,1a40025792,VACA,False,100.0,2022-06-18 00:00:00.000,HEREFORD,2023-03-28 21:06:27.166
489,642356d30dac55003013591d,1a40025792,VACA,False,100.0,2022-06-18 00:00:00.000,HEREFORD,2023-03-28 21:06:27.237
490,642356d30dac55003013591f,1a40025792,VACA,False,100.0,2022-06-18 00:00:00.000,HEREFORD,2023-03-28 21:06:27.239
491,642356d30dac550030135923,1a40025792,VACA,False,100.0,2022-06-18 00:00:00.000,HEREFORD,2023-03-28 21:06:27.244
492,642356d30dac550030135927,1a40025792,VACA,False,100.0,2022-06-18 00:00:00.000,HEREFORD,2023-03-28 21:06:27.246
493,642356d30dac550030135925,1a40025792,VACA,False,100.0,2022-06-18 00:00:00.000,HEREFORD,2023-03-28 21:06:27.245
494,642356d30dac550030135921,1a40025792,VACA,False,100.0,2022-06-18 00:00:00.000,HEREFORD,2023-03-28 21:06:27.242
495,642356d30dac55003013592d,1a40025792,VACA,False,100.0,2022-06-18 00:00:00.000,HEREFORD,2023-03-28 21:06:27.253
496,642356d30dac550030135929,1a40025792,VACA,False,100.0,2022-06-18 00:00:00.000,HEREFORD,2023-03-28 21:06:27.247
497,642356d30dac55003013592f,1a40025792,VACA,False,100.0,2022-06-18 00:00:00.000,HEREFORD,2023-03-28 21:06:27.254
498,642356d30dac55003013592b,1a40025792,VACA,False,100.0,2022-06-18 00:00:00.000,HEREFORD,2023-03-28 21:06:27.248
499,642356d30dac550030135931,1a40025792,VACA,False,100.0,2022-06-18 00:00:00.000,HEREFORD,2023-03-28 21:06:27.256
500,642356d30dac550030135933,1a40025792,VACA,False,100.0,2022-06-18 00:00:00.000,HEREFORD,2023-03-28 21:06:27.256
501,642356d30dac550030135937,1a40025792,VACA,False,100.0,2022-06-18 00:00:00.000,HEREFORD,2023-03-28 21:06:27.342
502,642356d30dac550030135935,1a40025792,VACA,False,100.0,2022-06-18 00:00:00.000,HEREFORD,2023-03-28 21:06:27.336
503,642356d30dac55003013593b,1a40025792,VACA,False,100.0,2022-06-18 00:00:00.000,HEREFORD,2023-03-28 21:06:27.443
504,642356d30dac550030135939,1a40025792,VACA,False,100.0,2022-06-18 00:00:00.000,HEREFORD,2023-03-28 21:06:27.346
505,642356d30dac550030135941,1a40025792,VACA,False,100.0,2022-06-18 00:00:00.000,HEREFORD,2023-03-28 21:06:27.537
506,642356d30dac55003013593d,1a40025792,VACA,False,100.0,2022-06-18 00:00:00.000,HEREFORD,2023-03-28 21:06:27.444
507,642356d30dac550030135943,1a40025792,VACA,False,100.0,2022-06-18 00:00:00.000,HEREFORD,2023-03-28 21:06:27.539
508,642356d30dac55003013593f,1a40025792,VACA,False,100.0,2022-06-18 00:00:00.000,HEREFORD,2023-03-28 21:06:27.446
509,642356d40dac5500301359da,1a40025792,VACA,False,100.0,2022-06-18 00:00:00.000,HEREFORD,2023-03-28 21:06:28.849
510,642356d40dac5500301359ec,1a40025792,VACA,False,100.0,2022-06-18 00:00:00.000,HEREFORD,2023-03-28 21:06:28.948
511,642356d50dac5500301359f6,1a40025792,VACA,False,100.0,2022-06-18 00:00:00.000,HEREFORD,2023-03-28 21:06:29.042
512,642356d50dac5500301359ff,1a40025792,VACA,False,100.0,2022-06-18 00:00:00.000,HEREFORD,2023-03-28 21:06:29.048
513,642356d50dac550030135a08,1a40025792,VACA,False,100.0,2022-06-18 00:00:00.000,HEREFORD,2023-03-28 21:06:29.138
514,642356d50dac550030135a0a,1a40025792,VACA,False,100.0,2022-06-18 00:00:00.000,HEREFORD,2023-03-28 21:06:29.139
515,642356d50dac550030135a0c,1a40025792,VACA,False,100.0,2022-06-18 00:00:00.000,HEREFORD,2023-03-28 21:06:29.140
516,642356d50dac550030135a16,1a40025792,VACA,False,100.0,2022-06-18 00:00:00.000,HEREFORD,2023-03-28 21:06:29.149
517,642356d50dac550030135a18,1a40025792,VACA,False,100.0,2022-06-18 00:00:00.000,HEREFORD,2023-03-28 21:06:29.150
518,642356d50dac550030135a2e,1a40025792,VACA,False,100.0,2022-06-18 00:00:00.000,HEREFORD,2023-03-28 21:06:29.338
519,642356d50dac550030135a21,1a40025792,VACA,False,100.0,2022-06-18 00:00:00.000,HEREFORD,2023-03-28 21:06:29.239
520,642356d50dac550030135a2c,1a40025792,VACA,False,100.0,2022-06-18 00:00:00.000,HEREFORD,2023-03-28 21:06:29.271
521,642356d50dac550030135aab,1a40025792,VACA,False,100.0,2022-06-18 00:00:00.000,HEREFORD,2023-03-28 21:06:29.938
522,642356d50dac550030135a30,1a40025792,VACA,False,100.0,2022-06-18 00:00:00.000,HEREFORD,2023-03-28 21:06:29.340
523,642356d50dac550030135a2a,1a40025792,VACA,False,100.0,2022-06-18 00:00:00.000,HEREFORD,2023-03-28 21:06:29.265
524,642356d50dac550030135a3d,1a40025792,VACA,False,100.0,2022-06-18 00:00:00.000,HEREFORD,2023-03-28 21:06:29.525
525,642356d50dac550030135a3f,1a40025792,VACA,False,100.0,2022-06-18 00:00:00.000,HEREFORD,2023-03-28 21:06:29.527
526,642356d50dac550030135ab3,1a40025792,VACA,False,100.0,2022-06-18 00:00:00.000,HEREFORD,2023-03-28 21:06:29.942
527,642356d50dac550030135a46,1a40025792,VACA,False,100.0,2022-06-18 00:00:00.000,HEREFORD,2023-03-28 21:06:29.547
528,642356d50dac550030135a4b,1a40025792,VACA,False,100.0,2022-06-18 00:00:00.000,HEREFORD,2023-03-28 21:06:29.559
529,642356d50dac550030135abd,1a40025792,VACA,False,100.0,2022-06-18 00:00:00.000,HEREFORD,2023-03-28 21:06:29.950
530,642356d50dac550030135a39,1a40025792,VACA,False,100.0,2022-06-18 00:00:00.000,HEREFORD,2023-03-28 21:06:29.349
531,642356d50dac550030135a4d,1a40025792,VACA,False,100.0,2022-06-18 00:00:00.000,HEREFORD,2023-03-28 21:06:29.570
532,642356d50dac550030135a3b,1a40025792,VACA,False,100.0,2022-06-18 00:00:00.000,HEREFORD,2023-03-28 21:06:29.519
533,642356d50dac550030135a41,1a40025792,VACA,False,100.0,2022-06-18 00:00:00.000,HEREFORD,2023-03-28 21:06:29.535
534,642356d50dac550030135ac7,1a40025792,VACA,False,100.0,2022-06-18 00:00:00.000,HEREFORD,2023-03-28 21:06:29.955
535,642356d50dac550030135a53,1a40025792,VACA,False,100.0,2022-06-18 00:00:00.000,HEREFORD,2023-03-28 21:06:29.573
536,642356d50dac550030135a43,1a40025792,VACA,False,100.0,2022-06-18 00:00:00.000,HEREFORD,2023-03-28 21:06:29.540
537,642356d50dac550030135a5c,1a40025792,VACA,False,100.0,2022-06-18 00:00:00.000,HEREFORD,2023-03-28 21:06:29.601
538,642356d50dac550030135a5a,1a40025792,VACA,False,100.0,2022-06-18 00:00:00.000,HEREFORD,2023-03-28 21:06:29.600
539,642356d60dac550030135ad1,1a40025792,VACA,False,100.0,2022-06-18 00:00:00.000,HEREFORD,2023-03-28 21:06:30.038
540,642356d50dac550030135a48,1a40025792,VACA,False,100.0,2022-06-18 00:00:00.000,HEREFORD,2023-03-28 21:06:29.552
541,642356d50dac550030135a51,1a40025792,VACA,False,100.0,2022-06-18 00:00:00.000,HEREFORD,2023-03-28 21:06:29.572
542,642356d50dac550030135a64,1a40025792,VACA,False,100.0,2022-06-18 00:00:00.000,HEREFORD,2023-03-28 21:06:29.605
543,642356d60dac550030135adb,1a40025792,VACA,False,100.0,2022-06-18 00:00:00.000,HEREFORD,2023-03-28 21:06:30.137
544,642356d50dac550030135a4f,1a40025792,VACA,False,100.0,2022-06-18 00:00:00.000,HEREFORD,2023-03-28 21:06:29.571
545,642356d50dac550030135a62,1a40025792,VACA,False,100.0,2022-06-18 00:00:00.000,HEREFORD,2023-03-28 21:06:29.604
546,642356d50dac550030135a6c,1a40025792,VACA,False,100.0,2022-06-18 00:00:00.000,HEREFORD,2023-03-28 21:06:29.639
547,642356d50dac550030135a58,1a40025792,VACA,False,100.0,2022-06-18 00:00:00.000,HEREFORD,2023-03-28 21:06:29.599
548,642356d50dac550030135a56,1a40025792,VACA,False,100.0,2022-06-18 00:00:00.000,HEREFORD,2023-03-28 21:06:29.598
549,642356d50dac550030135a60,1a40025792,VACA,False,100.0,2022-06-18 00:00:00.000,HEREFORD,2023-03-28 21:06:29.603
550,642356d50dac550030135a6a,1a40025792,VACA,False,100.0,2022-06-18 00:00:00.000,HEREFORD,2023-03-28 21:06:29.638
551,642356d50dac550030135a74,1a40025792,VACA,False,100.0,2022-06-18 00:00:00.000,HEREFORD,2023-03-28 21:06:29.643
552,642356d50dac550030135a72,1a40025792,VACA,False,100.0,2022-06-18 00:00:00.000,HEREFORD,2023-03-28 21:06:29.642
553,642356d50dac550030135a68,1a40025792,VACA,False,100.0,2022-06-18 00:00:00.000,HEREFORD,2023-03-28 21:06:29.637
554,642356d50dac550030135a7c,1a40025792,VACA,False,100.0,2022-06-18 00:00:00.000,HEREFORD,2023-03-28 21:06:29.649
555,642356d50dac550030135a5e,1a40025792,VACA,False,100.0,2022-06-18 00:00:00.000,HEREFORD,2023-03-28 21:06:29.602
556,642356d50dac550030135a70,1a40025792,VACA,False,100.0,2022-06-18 00:00:00.000,HEREFORD,2023-03-28 21:06:29.641
557,642356d50dac550030135a66,1a40025792,VACA,False,100.0,2022-06-18 00:00:00.000,HEREFORD,2023-03-28 21:06:29.636
558,642356d50dac550030135a7a,1a40025792,VACA,False,100.0,2022-06-18 00:00:00.000,HEREFORD,2023-03-28 21:06:29.648
559,642356d50dac550030135a8b,1a40025792,VACA,False,100.0,2022-06-18 00:00:00.000,HEREFORD,2023-03-28 21:06:29.762
560,642356d50dac550030135a6e,1a40025792,VACA,False,100.0,2022-06-18 00:00:00.000,HEREFORD,2023-03-28 21:06:29.640
561,642356d50dac550030135a82,1a40025792,VACA,False,100.0,2022-06-18 00:00:00.000,HEREFORD,2023-03-28 21:06:29.737
562,642356d50dac550030135a93,1a40025792,VACA,False,100.0,2022-06-18 00:00:00.000,HEREFORD,2023-03-28 21:06:29.841
563,642356d50dac550030135a78,1a40025792,VACA,False,100.0,2022-06-18 00:00:00.000,HEREFORD,2023-03-28 21:06:29.647
564,642356d50dac550030135a9b,1a40025792,VACA,False,100.0,2022-06-18 00:00:00.000,HEREFORD,2023-03-28 21:06:29.846
565,642356d50dac550030135a76,1a40025792,VACA,False,100.0,2022-06-18 00:00:00.000,HEREFORD,2023-03-28 21:06:29.645
566,642356d50dac550030135a89,1a40025792,VACA,False,100.0,2022-06-18 00:00:00.000,HEREFORD,2023-03-28 21:06:29.756
567,642356d50dac550030135a80,1a40025792,VACA,False,100.0,2022-06-18 00:00:00.000,HEREFORD,2023-03-28 21:06:29.652
568,642356d50dac550030135a7e,1a40025792,VACA,False,100.0,2022-06-18 00:00:00.000,HEREFORD,2023-03-28 21:06:29.651
569,642356d50dac550030135aa3,1a40025792,VACA,False,100.0,2022-06-18 00:00:00.000,HEREFORD,2023-03-28 21:06:29.850
570,642356d50dac550030135a91,1a40025792,VACA,False,100.0,2022-06-18 00:00:00.000,HEREFORD,2023-03-28 21:06:29.839
571,642356d50dac550030135a87,1a40025792,VACA,False,100.0,2022-06-18 00:00:00.000,HEREFORD,2023-03-28 21:06:29.748
572,642356d50dac550030135a85,1a40025792,VACA,False,100.0,2022-06-18 00:00:00.000,HEREFORD,2023-03-28 21:06:29.747
573,642356d50dac550030135ab5,1a40025792,VACA,False,100.0,2022-06-18 00:00:00.000,HEREFORD,2023-03-28 21:06:29.945
574,642356d50dac550030135a99,1a40025792,VACA,False,100.0,2022-06-18 00:00:00.000,HEREFORD,2023-03-28 21:06:29.845
575,642356d50dac550030135a8f,1a40025792,VACA,False,100.0,2022-06-18 00:00:00.000,HEREFORD,2023-03-28 21:06:29.838
576,642356d50dac550030135abf,1a40025792,VACA,False,100.0,2022-06-18 00:00:00.000,HEREFORD,2023-03-28 21:06:29.952
577,642356d50dac550030135a97,1a40025792,VACA,False,100.0,2022-06-18 00:00:00.000,HEREFORD,2023-03-28 21:06:29.844
578,642356d50dac550030135a8d,1a40025792,VACA,False,100.0,2022-06-18 00:00:00.000,HEREFORD,2023-03-28 21:06:29.837
579,642356d50dac550030135aa1,1a40025792,VACA,False,100.0,2022-06-18 00:00:00.000,HEREFORD,2023-03-28 21:06:29.849
580,642356d50dac550030135a95,1a40025792,VACA,False,100.0,2022-06-18 00:00:00.000,HEREFORD,2023-03-28 21:06:29.843
581,642356d50dac550030135ac9,1a40025792,VACA,False,100.0,2022-06-18 00:00:00.000,HEREFORD,2023-03-28 21:06:29.956
582,642356d50dac550030135aa9,1a40025792,VACA,False,100.0,2022-06-18 00:00:00.000,HEREFORD,2023-03-28 21:06:29.862
583,642356d50dac550030135a9f,1a40025792,VACA,False,100.0,2022-06-18 00:00:00.000,HEREFORD,2023-03-28 21:06:29.848
584,642356d50dac550030135a9d,1a40025792,VACA,False,100.0,2022-06-18 00:00:00.000,HEREFORD,2023-03-28 21:06:29.847
585,642356d50dac550030135ab1,1a40025792,VACA,False,100.0,2022-06-18 00:00:00.000,HEREFORD,2023-03-28 21:06:29.941
586,642356d50dac550030135aa7,1a40025792,VACA,False,100.0,2022-06-18 00:00:00.000,HEREFORD,2023-03-28 21:06:29.861
587,642356d60dac550030135ad3,1a40025792,VACA,False,100.0,2022-06-18 00:00:00.000,HEREFORD,2023-03-28 21:06:30.046
588,642356d50dac550030135abb,1a40025792,VACA,False,100.0,2022-06-18 00:00:00.000,HEREFORD,2023-03-28 21:06:29.949
589,642356d60dac550030135add,1a40025792,VACA,False,100.0,2022-06-18 00:00:00.000,HEREFORD,2023-03-28 21:06:30.138
590,642356d50dac550030135aaf,1a40025792,VACA,False,100.0,2022-06-18 00:00:00.000,HEREFORD,2023-03-28 21:06:29.940
591,642356d50dac550030135aa5,1a40025792,VACA,False,100.0,2022-06-18 00:00:00.000,HEREFORD,2023-03-28 21:06:29.856
592,642356d50dac550030135ac5,1a40025792,VACA,False,100.0,2022-06-18 00:00:00.000,HEREFORD,2023-03-28 21:06:29.954
593,642356d50dac550030135ab9,1a40025792,VACA,False,100.0,2022-06-18 00:00:00.000,HEREFORD,2023-03-28 21:06:29.948
594,642356d50dac550030135aad,1a40025792,VACA,False,100.0,2022-06-18 00:00:00.000,HEREFORD,2023-03-28 21:06:29.939
595,642356d50dac550030135acf,1a40025792,VACA,False,100.0,2022-06-18 00:00:00.000,HEREFORD,2023-03-28 21:06:30.037
596,642356d50dac550030135ab7,1a40025792,VACA,False,100.0,2022-06-18 00:00:00.000,HEREFORD,2023-03-28 21:06:29.946
597,642356d50dac550030135ac3,1a40025792,VACA,False,100.0,2022-06-18 00:00:00.000,HEREFORD,2023-03-28 21:06:29.953
598,642356d60dac550030135ad9,1a40025792,VACA,False,100.0,2022-06-18 00:00:00.000,HEREFORD,2023-03-28 21:06:30.062
599,642356d50dac550030135ac1,1a40025792,VACA,False,100.0,2022-06-18 00:00:00.000,HEREFORD,2023-03-28 21:06:29.953
600,642356d50dac550030135acd,1a40025792,VACA,False,100.0,2022-06-18 00:00:00.000,HEREFORD,2023-03-28 21:06:29.957
601,642356d50dac550030135acb,1a40025792,VACA,False,100.0,2022-06-18 00:00:00.000,HEREFORD,2023-03-28 21:06:29.957
602,642356d60dac550030135ad7,1a40025792,VACA,False,100.0,2022-06-18 00:00:00.000,HEREFORD,2023-03-28 21:06:30.059
603,642356d60dac550030135ad5,1a40025792,VACA,False,100.0,2022-06-18 00:00:00.000,HEREFORD,2023-03-28 21:06:30.054
604,642356d60dac550030135ae1,1a40025792,VACA,False,100.0,2022-06-18 00:00:00.000,HEREFORD,2023-03-28 21:06:30.140
605,642356d60dac550030135adf,1a40025792,VACA,False,100.0,2022-06-18 00:00:00.000,HEREFORD,2023-03-28 21:06:30.139
606,642356d60dac550030135ae3,1a40025792,VACA,False,100.0,2022-06-18 00:00:00.000,HEREFORD,2023-03-28 21:06:30.520
607,642356d60dac550030135ae5,1a40025792,VACA,False,100.0,2022-06-18 00:00:00.000,HEREFORD,2023-03-28 21:06:30.523
608,642356d60dac550030135ae9,1a40025792,VACA,False,100.0,2022-06-18 00:00:00.000,HEREFORD,2023-03-28 21:06:30.528
609,642356d60dac550030135ae7,1a40025792,VACA,False,100.0,2022-06-18 00:00:00.000,HEREFORD,2023-03-28 21:06:30.526
610,642356d60dac550030135aed,1a40025792,VACA,False,100.0,2022-06-18 00:00:00.000,HEREFORD,2023-03-28 21:06:30.538
611,642356d60dac550030135aef,1a40025792,VACA,False,100.0,2022-06-18 00:00:00.000,HEREFORD,2023-03-28 21:06:30.539
612,642356d60dac550030135aeb,1a40025792,VACA,False,100.0,2022-06-18 00:00:00.000,HEREFORD,2023-03-28 21:06:30.537
613,642356d60dac550030135af1,1a40025792,VACA,False,100.0,2022-06-18 00:00:00.000,HEREFORD,2023-03-28 21:06:30.548
614,642356d60dac550030135af5,1a40025792,VACA,False,100.0,2022-06-18 00:00:00.000,HEREFORD,2023-03-28 21:06:30.553
615,642356d60dac550030135af3,1a40025792,VACA,False,100.0,2022-06-18 00:00:00.000,HEREFORD,2023-03-28 21:06:30.549
616,642356d60dac550030135af7,1a40025792,VACA,False,100.0,2022-06-18 00:00:00.000,HEREFORD,2023-03-28 21:06:30.747
617,64235c730dac550030135fa4,1a40025792,VACA,False,100.0,2022-06-18 00:00:00.000,HEREFORD,2023-03-28 21:30:27.494
618,64235c730dac550030135fa7,1a40025792,VACA,False,100.0,2022-06-18 00:00:00.000,HEREFORD,2023-03-28 21:30:27.499
619,64235c730dac550030135faa,1a40025792,VACA,False,100.0,2022-06-18 00:00:00.000,HEREFORD,2023-03-28 21:30:27.503
620,64235c730dac550030135fae,1a40025792,VACA,False,100.0,2022-06-18 00:00:00.000,HEREFORD,2023-03-28 21:30:27.505
621,64235c730dac550030135fac,1a40025792,VACA,False,100.0,2022-06-18 00:00:00.000,HEREFORD,2023-03-28 21:30:27.504
622,64235c730dac550030135fb0,1a40025792,VACA,False,100.0,2022-06-18 00:00:00.000,HEREFORD,2023-03-28 21:30:27.662
623,64235c730dac550030135fb2,1a40025792,VACA,False,100.0,2022-06-18 00:00:00.000,HEREFORD,2023-03-28 21:30:27.676
624,64235c730dac550030135fb4,1a40025792,VACA,False,100.0,2022-06-18 00:00:00.000,HEREFORD,2023-03-28 21:30:27.683
625,642367fd0dac550030136043,1a40025792,VACA,False,100.0,2022-06-18 00:00:00.000,HEREFORD,2023-03-28 22:19:41.682
626,642367fd0dac550030136047,1a40025792,VACA,False,100.0,2022-06-18 00:00:00.000,HEREFORD,2023-03-28 22:19:41.690
627,642367fd0dac550030136045,1a40025792,VACA,False,100.0,2022-06-18 00:00:00.000,HEREFORD,2023-03-28 22:19:41.687
628,6424319990adbe6da4fb1c8a,80f4378711,NOVILLO,False,100.0,2000-01-01 00:00:00.000,SANTA GERTRUDIS,2023-03-29 12:39:53.144
629,642aeed40dac550030174fac,e080030ba8,NOVILLO,False,100.0,2023-04-03 00:00:00.000,SIMBRAH,2023-04-03 15:20:52.896
