,_id,animalSettlement,animalType,isPregmant,weight
90,63ed0ae9a9f1a40025793c1d,1a40025792,SIN ESPECIFICAR,,
91,63ed0b15a9f1a40025793c52,1a40025792,SIN ESPECIFICAR,,
92,63ed0b7aa9f1a40025793c82,1a40025792,SIN ESPECIFICAR,,
93,63ed0b8da9f1a40025793ce6,1a40025792,SIN ESPECIFICAR,,
94,63ed0b93a9f1a40025793d0f,1a40025792,SIN ESPECIFICAR,,
95,63ed0baea9f1a40025793d80,1a40025792,SIN ESPECIFICAR,,
96,63ed0da5a9f1a4002579438c,1a40025792,SIN ESPECIFICAR,,
97,63ed0da6a9f1a40025794397,1a40025792,SIN ESPECIFICAR,,
98,63ed0dc6a9f1a40025794427,1a40025792,SIN ESPECIFICAR,,
99,63ed0dc9a9f1a40025794444,1a40025792,SIN ESPECIFICAR,,
100,63ed0ddca9f1a400257944c0,1a40025792,SIN ESPECIFICAR,False,
101,63ed0deda9f1a40025794525,1a40025792,SIN ESPECIFICAR,,
102,63ed0df3a9f1a40025794534,1a40025792,SIN ESPECIFICAR,,
103,63ed0e08a9f1a4002579459a,1a40025792,SIN ESPECIFICAR,,
104,63ed0e0fa9f1a400257945cf,1a40025792,SIN ESPECIFICAR,,
105,63ed0e1ca9f1a4002579461c,1a40025792,SIN ESPECIFICAR,,
106,63ed0e26a9f1a4002579466e,1a40025792,SIN ESPECIFICAR,,
107,63ed0e2da9f1a400257946b4,1a40025792,SIN ESPECIFICAR,False,
108,63ed0e3da9f1a40025794702,1a40025792,SIN ESPECIFICAR,,
109,63ed0e4ea9f1a40025794766,1a40025792,SIN ESPECIFICAR,,
110,63ed0e50a9f1a40025794775,1a40025792,SIN ESPECIFICAR,,
111,63ed0e61a9f1a400257947ff,1a40025792,SIN ESPECIFICAR,,
112,63ed0e62a9f1a4002579480a,1a40025792,SIN ESPECIFICAR,,
113,63ed0e71a9f1a40025794898,1a40025792,SIN ESPECIFICAR,False,
114,63ed0e73a9f1a400257948a6,1a40025792,SIN ESPECIFICAR,False,
115,63ed0e82a9f1a40025794931,1a40025792,SIN ESPECIFICAR,,
116,63ed0e85a9f1a4002579494b,1a40025792,SIN ESPECIFICAR,,
117,63ed0e90a9f1a400257949d1,1a40025792,SIN ESPECIFICAR,,
118,63ed0ea0a9f1a40025794a4e,1a40025792,SIN ESPECIFICAR,,
119,63ed0eb1a9f1a40025794abd,1a40025792,SIN ESPECIFICAR,,
120,63ed0eb2a9f1a40025794ac8,1a40025792,SIN ESPECIFICAR,,
121,63ed0ec7a9f1a40025794b57,1a40025792,SIN ESPECIFICAR,,
122,63ed0ec9a9f1a40025794b62,1a40025792,SIN ESPECIFICAR,,
123,63ed0ed9a9f1a40025794bf3,1a40025792,SIN ESPECIFICAR,,
124,63ed0edba9f1a40025794c04,1a40025792,SIN ESPECIFICAR,,
125,63ed0eeaa9f1a40025794c77,1a40025792,SIN ESPECIFICAR,,
126,63ed0eeba9f1a40025794c82,1a40025792,SIN ESPECIFICAR,False,
127,63ed0efba9f1a40025794d03,1a40025792,SIN ESPECIFICAR,,
128,63ed0efca9f1a40025794d0e,1a40025792,SIN ESPECIFICAR,False,
129,63ed0f0ca9f1a40025794d9c,1a40025792,SIN ESPECIFICAR,False,
130,63ed0f0da9f1a40025794da6,1a40025792,SIN ESPECIFICAR,False,
131,63ed0f1ca9f1a40025794e36,1a40025792,SIN ESPECIFICAR,,
132,63ed0f1ea9f1a40025794e41,1a40025792,SIN ESPECIFICAR,,
133,63ed0f2ba9f1a40025794ea4,1a40025792,SIN ESPECIFICAR,False,
134,63ed0f3ba9f1a40025794f09,1a40025792,SIN ESPECIFICAR,,
135,63ed0f3ba9f1a40025794f0e,1a40025792,SIN ESPECIFICAR,,
136,63ed0f4ca9f1a40025794fa1,1a40025792,SIN ESPECIFICAR,,
137,63ed0f4ea9f1a40025794fb0,1a40025792,SIN ESPECIFICAR,,
138,63ed0f5ea9f1a40025795020,1a40025792,SIN ESPECIFICAR,,
139,63ed0f6ea9f1a40025795087,1a40025792,SIN ESPECIFICAR,,
140,63ed0f6ea9f1a40025795089,1a40025792,SIN ESPECIFICAR,,
141,63ed0f7da9f1a400257950f5,1a40025792,SIN ESPECIFICAR,,
142,63ed0f86a9f1a4002579513e,1a40025792,SIN ESPECIFICAR,,
143,63ed0f93a9f1a400257951a9,1a40025792,SIN ESPECIFICAR,,
144,63ed0f98a9f1a400257951cb,1a40025792,SIN ESPECIFICAR,,
145,63ed0fa8a9f1a40025795244,1a40025792,SIN ESPECIFICAR,,
146,63ed0fa8a9f1a40025795246,1a40025792,SIN ESPECIFICAR,,
147,63ed0fb9a9f1a400257952d9,1a40025792,SIN ESPECIFICAR,,
148,63ed0fbca9f1a400257952ea,1a40025792,SIN ESPECIFICAR,,
149,63ed0fcca9f1a40025795386,1a40025792,SIN ESPECIFICAR,,
150,63ed0fd9a9f1a400257953d6,1a40025792,SIN ESPECIFICAR,,
151,63ed0fdea9f1a40025795404,1a40025792,SIN ESPECIFICAR,,
152,63ed0feca9f1a4002579546f,1a40025792,SIN ESPECIFICAR,,
153,63ed0feea9f1a4002579547e,1a40025792,SIN ESPECIFICAR,,
154,63ed1001a9f1a400257954c8,1a40025792,SIN ESPECIFICAR,,
155,63ed1012a9f1a40025795513,1a40025792,SIN ESPECIFICAR,,
156,63ed101fa9f1a40025795575,1a40025792,SIN ESPECIFICAR,,
157,63ed1026a9f1a40025795595,1a40025792,SIN ESPECIFICAR,,
158,63ed1031a9f1a400257955ee,1a40025792,SIN ESPECIFICAR,,
159,63ed1039a9f1a40025795629,1a40025792,SIN ESPECIFICAR,,
160,63ed1042a9f1a40025795670,1a40025792,SIN ESPECIFICAR,,
161,63ed104aa9f1a400257956b1,1a40025792,SIN ESPECIFICAR,,
162,63ed1054a9f1a40025795708,1a40025792,SIN ESPECIFICAR,,
163,63ed105ea9f1a4002579575a,1a40025792,SIN ESPECIFICAR,,
164,63ed1065a9f1a4002579578f,1a40025792,SIN ESPECIFICAR,,
165,63ed1070a9f1a400257957ec,1a40025792,SIN ESPECIFICAR,,
166,63ed1073a9f1a4002579580a,1a40025792,VACA,False,
167,63ed1084a9f1a40025795885,1a40025792,SIN ESPECIFICAR,,
168,63ed1084a9f1a40025795890,1a40025792,SIN ESPECIFICAR,,
169,63ed10b5a9f1a4002579592b,1a40025792,SIN ESPECIFICAR,,
170,63ed10c5a9f1a40025795977,1a40025792,SIN ESPECIFICAR,,
171,63ed10d5a9f1a400257959c5,1a40025792,SIN ESPECIFICAR,,
172,63ed3c21a9f1a400257969b9,1a40025792,VACA,False,0.0
173,63ed3c48a9f1a400257969d6,1a40025792,VACA,False,0.0
174,63ed3c7ca9f1a40025796a47,1a40025792,VACA,False,0.0
175,63ed43f6a9f1a40025796d50,1a40025792,VACA,False,0.0
176,63ed4404a9f1a40025796d71,1a40025792,VACA,False,0.0
177,63ed440da9f1a40025796d85,1a40025792,VACA,False,0.0
178,63ee52afa9f1a40025797d8c,1a40025792,SIN ESPECIFICAR,,
179,63ed0c40a9f1a40025794099,1a40025792,SIN ESPECIFICAR,,
180,63ed0beca9f1a40025793edd,1a40025792,SIN ESPECIFICAR,,
181,63ed0bb3a9f1a40025793db5,1a40025792,SIN ESPECIFICAR,,
182,63ed0c5ba9f1a40025794154,1a40025792,SIN ESPECIFICAR,,
183,63ed0c42a9f1a400257940a4,1a40025792,SIN ESPECIFICAR,False,
184,63ed0c02a9f1a40025793f4e,1a40025792,SIN ESPECIFICAR,,
185,63ed0be7a9f1a40025793eb4,1a40025792,SIN ESPECIFICAR,,
186,63ed0bcba9f1a40025793e1a,1a40025792,SIN ESPECIFICAR,,
187,63ed0c15a9f1a40025793fb2,1a40025792,NOVILLO,False,300.0
188,63ed0c69a9f1a400257941b3,1a40025792,SIN ESPECIFICAR,,
189,63ed0bcda9f1a40025793e28,1a40025792,SIN ESPECIFICAR,,
190,63ed0c23a9f1a40025793fe9,1a40025792,SIN ESPECIFICAR,,
191,63ed0c58a9f1a40025794132,1a40025792,SIN ESPECIFICAR,,
192,63ed0d7ca9f1a400257942d7,1a40025792,SIN ESPECIFICAR,False,
193,63ed0c2ca9f1a40025794036,1a40025792,SIN ESPECIFICAR,,
194,63ed0ca3a9f1a4002579421a,1a40025792,SIN ESPECIFICAR,,
195,63ed0d70a9f1a40025794283,1a40025792,SIN ESPECIFICAR,,
215,640f68914124f63a68aef494,1a40025792,SIN ESPECIFICAR,,
216,640f6ef10c8f4c1edc6767e4,1a40025792,SIN ESPECIFICAR,,
217,640f6ef10c8f4c1edc6767e9,1a40025792,SIN ESPECIFICAR,,
218,640f6ef10c8f4c1edc6767e5,1a40025792,SIN ESPECIFICAR,,
219,640f6ef10c8f4c1edc6767ee,1a40025792,SIN ESPECIFICAR,,
220,640f6ef10c8f4c1edc6767ec,1a40025792,SIN ESPECIFICAR,,
221,640f6ef10c8f4c1edc6767e6,1a40025792,SIN ESPECIFICAR,,
222,640f6ef10c8f4c1edc6767f3,1a40025792,SIN ESPECIFICAR,,
223,640f6ef10c8f4c1edc6767f1,1a40025792,SIN ESPECIFICAR,,
224,640f6ef10c8f4c1edc6767ea,1a40025792,SIN ESPECIFICAR,,
225,640f6ef10c8f4c1edc6767f8,1a40025792,SIN ESPECIFICAR,,
226,640f6ef10c8f4c1edc6767f6,1a40025792,SIN ESPECIFICAR,,
227,640f6ef10c8f4c1edc6767e7,1a40025792,SIN ESPECIFICAR,,
228,640f6ef10c8f4c1edc6767fd,1a40025792,SIN ESPECIFICAR,,
229,640f6ef10c8f4c1edc6767ef,1a40025792,SIN ESPECIFICAR,,
230,640f6ef10c8f4c1edc6767eb,1a40025792,SIN ESPECIFICAR,,
231,640f6ef10c8f4c1edc6767fb,1a40025792,SIN ESPECIFICAR,,
232,640f6ef10c8f4c1edc676802,1a40025792,SIN ESPECIFICAR,,
233,640f6ef10c8f4c1edc6767e8,1a40025792,SIN ESPECIFICAR,,
234,640f6ef10c8f4c1edc6767f4,1a40025792,SIN ESPECIFICAR,,
235,640f6ef10c8f4c1edc6767f0,1a40025792,SIN ESPECIFICAR,,
236,640f6ef10c8f4c1edc676800,1a40025792,SIN ESPECIFICAR,,
237,640f6ef10c8f4c1edc6767ed,1a40025792,SIN ESPECIFICAR,,
238,640f6ef10c8f4c1edc6767f9,1a40025792,SIN ESPECIFICAR,,
239,640f6ef10c8f4c1edc676807,1a40025792,SIN ESPECIFICAR,,
240,640f6ef10c8f4c1edc676805,1a40025792,SIN ESPECIFICAR,,
241,640f6ef10c8f4c1edc6767f5,1a40025792,SIN ESPECIFICAR,,
242,640f6ef10c8f4c1edc6767f2,1a40025792,SIN ESPECIFICAR,,
243,640f6ef10c8f4c1edc6767fe,1a40025792,SIN ESPECIFICAR,,
244,640f6ef10c8f4c1edc6767fa,1a40025792,SIN ESPECIFICAR,,
245,640f6ef10c8f4c1edc67680c,1a40025792,SIN ESPECIFICAR,,
246,640f6ef10c8f4c1edc67680a,1a40025792,SIN ESPECIFICAR,,
247,640f6ef10c8f4c1edc676803,1a40025792,SIN ESPECIFICAR,,
248,640f6ef10c8f4c1edc676811,1a40025792,SIN ESPECIFICAR,,
249,640f6ef10c8f4c1edc6767ff,1a40025792,SIN ESPECIFICAR,,
250,640f6ef10c8f4c1edc6767f7,1a40025792,SIN ESPECIFICAR,,
251,640f6ef10c8f4c1edc67680f,1a40025792,SIN ESPECIFICAR,,
252,640f6ef10c8f4c1edc6767fc,1a40025792,SIN ESPECIFICAR,,
253,640f6ef10c8f4c1edc676804,1a40025792,SIN ESPECIFICAR,,
254,640f6ef10c8f4c1edc676816,1a40025792,SIN ESPECIFICAR,,
255,640f6ef10c8f4c1edc676808,1a40025792,SIN ESPECIFICAR,,
256,640f6ef10c8f4c1edc676814,1a40025792,SIN ESPECIFICAR,,
257,640f6ef10c8f4c1edc676801,1a40025792,SIN ESPECIFICAR,,
258,640f6ef10c8f4c1edc67680d,1a40025792,SIN ESPECIFICAR,,
259,640f6ef10c8f4c1edc67681b,1a40025792,SIN ESPECIFICAR,,
260,640f6ef10c8f4c1edc676809,1a40025792,SIN ESPECIFICAR,,
261,640f6ef10c8f4c1edc676819,1a40025792,SIN ESPECIFICAR,,
262,640f6ef10c8f4c1edc676806,1a40025792,SIN ESPECIFICAR,,
263,640f6ef10c8f4c1edc676820,1a40025792,SIN ESPECIFICAR,,
264,640f6ef10c8f4c1edc67680e,1a40025792,SIN ESPECIFICAR,,
265,640f6ef10c8f4c1edc676812,1a40025792,SIN ESPECIFICAR,,
266,640f6ef10c8f4c1edc67680b,1a40025792,SIN ESPECIFICAR,,
267,640f6ef10c8f4c1edc67681e,1a40025792,SIN ESPECIFICAR,,
268,640f6ef10c8f4c1edc676813,1a40025792,SIN ESPECIFICAR,,
269,640f6ef10c8f4c1edc676825,1a40025792,SIN ESPECIFICAR,,
270,640f6ef10c8f4c1edc676817,1a40025792,SIN ESPECIFICAR,,
271,640f6ef10c8f4c1edc676810,1a40025792,SIN ESPECIFICAR,,
272,640f6ef10c8f4c1edc676823,1a40025792,SIN ESPECIFICAR,,
273,640f6ef10c8f4c1edc676818,1a40025792,SIN ESPECIFICAR,,
274,640f6ef10c8f4c1edc67682a,1a40025792,SIN ESPECIFICAR,,
275,640f6ef10c8f4c1edc67681c,1a40025792,SIN ESPECIFICAR,,
276,640f6ef10c8f4c1edc676815,1a40025792,SIN ESPECIFICAR,,
277,640f6ef10c8f4c1edc67682f,1a40025792,SIN ESPECIFICAR,,
278,640f6ef10c8f4c1edc676821,1a40025792,SIN ESPECIFICAR,,
279,640f6ef10c8f4c1edc67681d,1a40025792,SIN ESPECIFICAR,,
280,640f6ef10c8f4c1edc676828,1a40025792,SIN ESPECIFICAR,,
281,640f6ef10c8f4c1edc67681a,1a40025792,SIN ESPECIFICAR,,
282,640f6ef10c8f4c1edc676834,1a40025792,SIN ESPECIFICAR,,
283,640f6ef10c8f4c1edc676826,1a40025792,SIN ESPECIFICAR,,
284,640f6ef10c8f4c1edc676822,1a40025792,SIN ESPECIFICAR,,
285,640f6ef10c8f4c1edc67682d,1a40025792,SIN ESPECIFICAR,,
286,640f6ef10c8f4c1edc67681f,1a40025792,SIN ESPECIFICAR,,
287,640f6ef10c8f4c1edc67682b,1a40025792,SIN ESPECIFICAR,,
288,640f6ef10c8f4c1edc676832,1a40025792,SIN ESPECIFICAR,,
289,640f6ef10c8f4c1edc676839,1a40025792,SIN ESPECIFICAR,,
290,640f6ef10c8f4c1edc676824,1a40025792,SIN ESPECIFICAR,,
291,640f6ef10c8f4c1edc676827,1a40025792,SIN ESPECIFICAR,,
292,640f6ef10c8f4c1edc676837,1a40025792,SIN ESPECIFICAR,,
293,640f6ef10c8f4c1edc676829,1a40025792,SIN ESPECIFICAR,,
294,640f6ef10c8f4c1edc676830,1a40025792,SIN ESPECIFICAR,,
295,640f6ef10c8f4c1edc67683e,1a40025792,SIN ESPECIFICAR,,
296,640f6ef10c8f4c1edc67682c,1a40025792,SIN ESPECIFICAR,,
297,640f6ef10c8f4c1edc67682e,1a40025792,SIN ESPECIFICAR,,
298,640f6ef10c8f4c1edc676835,1a40025792,SIN ESPECIFICAR,,
299,640f6ef10c8f4c1edc676831,1a40025792,SIN ESPECIFICAR,,
300,640f6ef10c8f4c1edc676843,1a40025792,SIN ESPECIFICAR,,
301,640f6ef10c8f4c1edc67683c,1a40025792,SIN ESPECIFICAR,,
302,640f6ef10c8f4c1edc67683a,1a40025792,SIN ESPECIFICAR,,
303,640f6ef10c8f4c1edc676833,1a40025792,SIN ESPECIFICAR,,
304,640f6ef10c8f4c1edc676836,1a40025792,SIN ESPECIFICAR,,
305,640f6ef10c8f4c1edc676841,1a40025792,SIN ESPECIFICAR,,
306,640f6ef10c8f4c1edc67683b,1a40025792,SIN ESPECIFICAR,,
307,640f6ef10c8f4c1edc67683f,1a40025792,SIN ESPECIFICAR,,
308,640f6ef10c8f4c1edc676838,1a40025792,SIN ESPECIFICAR,,
309,640f6ef10c8f4c1edc676846,1a40025792,SIN ESPECIFICAR,,
310,640f6ef10c8f4c1edc676840,1a40025792,SIN ESPECIFICAR,,
311,640f6ef10c8f4c1edc676844,1a40025792,SIN ESPECIFICAR,,
312,640f6ef10c8f4c1edc676845,1a40025792,SIN ESPECIFICAR,,
313,640f6ef10c8f4c1edc67683d,1a40025792,SIN ESPECIFICAR,,
314,640f6ef10c8f4c1edc676842,1a40025792,SIN ESPECIFICAR,,
315,640f6ef10c8f4c1edc676847,1a40025792,SIN ESPECIFICAR,,
317,64234a7d2d19ba003055aa7e,1a40025792,VACA,False,100.0
318,64234a7d2d19ba003055aa84,1a40025792,VACA,False,100.0
319,64234a7d2d19ba003055aa80,1a40025792,VACA,False,100.0
320,64234a7d2d19ba003055aa86,1a40025792,VACA,False,100.0
321,64234a7d2d19ba003055aa82,1a40025792,VACA,False,100.0
322,64234a7d2d19ba003055aa88,1a40025792,VACA,False,100.0
323,64234a7d2d19ba003055aa8a,1a40025792,VACA,False,100.0
324,64234a7d2d19ba003055aa8c,1a40025792,VACA,False,100.0
325,64234a7d2d19ba003055aa8e,1a40025792,VACA,False,100.0
326,64234a7d2d19ba003055aa90,1a40025792,VACA,False,100.0
327,6423540e0dac550030135001,1a40025792,VACA,False,100.0
328,6423540e0dac550030135003,1a40025792,VACA,False,100.0
329,6423540e0dac550030135005,1a40025792,VACA,False,100.0
330,642354130dac55003013500f,1a40025792,VACA,False,100.0
331,642354130dac550030135017,1a40025792,VACA,False,100.0
332,642354130dac55003013500d,1a40025792,VACA,False,100.0
333,642354130dac550030135019,1a40025792,VACA,False,100.0
334,642354130dac55003013501f,1a40025792,VACA,False,100.0
335,642354130dac55003013501d,1a40025792,VACA,False,100.0
336,642354130dac55003013501b,1a40025792,VACA,False,100.0
337,642354130dac550030135021,1a40025792,VACA,False,100.0
338,642354130dac55003013502b,1a40025792,VACA,False,100.0
339,642354140dac55003013502f,1a40025792,VACA,False,100.0
340,642354130dac55003013502d,1a40025792,VACA,False,100.0
341,642354140dac550030135031,1a40025792,VACA,False,100.0
342,642354140dac550030135033,1a40025792,VACA,False,100.0
343,642354140dac55003013503d,1a40025792,VACA,False,100.0
344,642354140dac550030135043,1a40025792,VACA,False,100.0
345,642354140dac55003013503f,1a40025792,VACA,False,100.0
346,642354140dac550030135041,1a40025792,VACA,False,100.0
347,642354140dac55003013503b,1a40025792,VACA,False,100.0
348,642354180dac550030135075,1a40025792,VACA,False,100.0
349,642354180dac550030135073,1a40025792,VACA,False,100.0
350,642354180dac550030135077,1a40025792,VACA,False,100.0
351,642354180dac550030135071,1a40025792,VACA,False,100.0
352,642354180dac55003013507d,1a40025792,VACA,False,100.0
353,642354180dac55003013507b,1a40025792,VACA,False,100.0
354,642354180dac55003013507f,1a40025792,VACA,False,100.0
355,642354180dac550030135079,1a40025792,VACA,False,100.0
356,642354180dac550030135083,1a40025792,VACA,False,100.0
357,642354180dac550030135085,1a40025792,VACA,False,100.0
358,642354180dac550030135087,1a40025792,VACA,False,100.0
359,642354180dac550030135081,1a40025792,VACA,False,100.0
360,642354180dac5500301350a4,1a40025792,VACA,False,100.0
361,642354180dac5500301350a2,1a40025792,VACA,False,100.0
362,642354180dac5500301350a6,1a40025792,VACA,False,100.0
363,642354180dac5500301350a8,1a40025792,VACA,False,100.0
364,642354190dac5500301350d0,1a40025792,VACA,False,100.0
365,642354190dac5500301350d2,1a40025792,VACA,False,100.0
366,642354190dac5500301350d4,1a40025792,VACA,False,100.0
367,642354190dac5500301350ce,1a40025792,VACA,False,100.0
368,642354190dac5500301350da,1a40025792,VACA,False,100.0
369,642354190dac5500301350dc,1a40025792,VACA,False,100.0
370,642354190dac5500301350d6,1a40025792,VACA,False,100.0
371,642354190dac5500301350d8,1a40025792,VACA,False,100.0
372,642354190dac5500301350e2,1a40025792,VACA,False,100.0
373,642354190dac5500301350de,1a40025792,VACA,False,100.0
374,642354190dac5500301350e4,1a40025792,VACA,False,100.0
375,642354190dac5500301350e0,1a40025792,VACA,False,100.0
376,642354190dac5500301350ea,1a40025792,VACA,False,100.0
377,642354190dac5500301350e6,1a40025792,VACA,False,100.0
378,642354190dac5500301350e8,1a40025792,VACA,False,100.0
379,642354190dac5500301350ec,1a40025792,VACA,False,100.0
380,6423541a0dac5500301350f3,1a40025792,VACA,False,100.0
381,642356d10dac5500301357f9,1a40025792,VACA,False,100.0
382,642356d10dac5500301357f7,1a40025792,VACA,False,100.0
383,642356d10dac550030135809,1a40025792,VACA,False,100.0
384,642356d10dac550030135807,1a40025792,VACA,False,100.0
385,642356d10dac550030135805,1a40025792,VACA,False,100.0
386,642356d10dac550030135816,1a40025792,VACA,False,100.0
387,642356d10dac550030135814,1a40025792,VACA,False,100.0
388,642356d10dac550030135812,1a40025792,VACA,False,100.0
389,642356d10dac550030135821,1a40025792,VACA,False,100.0
390,642356d10dac550030135825,1a40025792,VACA,False,100.0
391,642356d10dac550030135823,1a40025792,VACA,False,100.0
392,642356d10dac55003013582e,1a40025792,VACA,False,100.0
393,642356d10dac550030135830,1a40025792,VACA,False,100.0
394,642356d10dac55003013583f,1a40025792,VACA,False,100.0
395,642356d10dac550030135841,1a40025792,VACA,False,100.0
396,642356d10dac550030135843,1a40025792,VACA,False,100.0
397,642356d10dac550030135845,1a40025792,VACA,False,100.0
398,642356d10dac550030135847,1a40025792,VACA,False,100.0
399,642356d10dac550030135849,1a40025792,VACA,False,100.0
400,642356d10dac55003013584b,1a40025792,VACA,False,100.0
401,642356d10dac55003013585c,1a40025792,VACA,False,100.0
402,642356d10dac55003013585a,1a40025792,VACA,False,100.0
403,642356d10dac550030135856,1a40025792,VACA,False,100.0
404,642356d10dac55003013585e,1a40025792,VACA,False,100.0
405,642356d10dac550030135858,1a40025792,VACA,False,100.0
406,642356d10dac55003013586a,1a40025792,VACA,False,100.0
407,642356d10dac550030135862,1a40025792,VACA,False,100.0
408,642356d10dac550030135860,1a40025792,VACA,False,100.0
409,642356d10dac55003013586c,1a40025792,VACA,False,100.0
410,642356d10dac550030135872,1a40025792,VACA,False,100.0
411,642356d10dac550030135874,1a40025792,VACA,False,100.0
412,642356d10dac550030135876,1a40025792,VACA,False,100.0
413,642356d10dac550030135870,1a40025792,VACA,False,100.0
414,642356d10dac55003013586e,1a40025792,VACA,False,100.0
415,642356d10dac55003013588a,1a40025792,VACA,False,100.0
416,642356d10dac550030135888,1a40025792,VACA,False,100.0
417,642356d10dac550030135882,1a40025792,VACA,False,100.0
418,642356d10dac550030135878,1a40025792,VACA,False,100.0
419,642356d10dac550030135886,1a40025792,VACA,False,100.0
420,642356d10dac55003013588c,1a40025792,VACA,False,100.0
421,642356d20dac55003013589f,1a40025792,VACA,False,100.0
422,642356d10dac550030135884,1a40025792,VACA,False,100.0
423,642356d20dac55003013589d,1a40025792,VACA,False,100.0
424,642356d20dac550030135890,1a40025792,VACA,False,100.0
425,642356d20dac5500301358a1,1a40025792,VACA,False,100.0
426,642356d10dac55003013588e,1a40025792,VACA,False,100.0
427,642356d20dac5500301358a7,1a40025792,VACA,False,100.0
428,642356d20dac55003013589b,1a40025792,VACA,False,100.0
429,642356d20dac5500301358b1,1a40025792,VACA,False,100.0
430,642356d20dac5500301358ab,1a40025792,VACA,False,100.0
431,642356d20dac5500301358a3,1a40025792,VACA,False,100.0
432,642356d20dac5500301358a5,1a40025792,VACA,False,100.0
433,642356d20dac5500301358a9,1a40025792,VACA,False,100.0
434,642356d20dac5500301358b5,1a40025792,VACA,False,100.0
435,642356d20dac5500301358ad,1a40025792,VACA,False,100.0
436,642356d20dac5500301358af,1a40025792,VACA,False,100.0
437,642356d20dac5500301358bb,1a40025792,VACA,False,100.0
438,642356d20dac5500301358b3,1a40025792,VACA,False,100.0
439,642356d20dac5500301358bf,1a40025792,VACA,False,100.0
440,642356d20dac5500301358b9,1a40025792,VACA,False,100.0
441,642356d20dac5500301358c5,1a40025792,VACA,False,100.0
442,642356d20dac5500301358b7,1a40025792,VACA,False,100.0
443,642356d20dac5500301358bd,1a40025792,VACA,False,100.0
444,642356d20dac5500301358c3,1a40025792,VACA,False,100.0
445,642356d20dac5500301358c1,1a40025792,VACA,False,100.0
446,642356d20dac5500301358c7,1a40025792,VACA,False,100.0
447,642356d20dac5500301358c9,1a40025792,VACA,False,100.0
448,642356d20dac5500301358cb,1a40025792,VACA,False,100.0
449,642356d20dac5500301358cd,1a40025792,VACA,False,100.0
450,642356d20dac5500301358cf,1a40025792,VACA,False,100.0
451,642356d20dac5500301358d1,1a40025792,VACA,False,100.0
452,642356d20dac5500301358d3,1a40025792,VACA,False,100.0
453,642356d20dac5500301358d5,1a40025792,VACA,False,100.0
454,642356d20dac5500301358d7,1a40025792,VACA,False,100.0
455,642356d20dac5500301358d9,1a40025792,VACA,False,100.0
456,642356d20dac5500301358db,1a40025792,VACA,False,100.0
457,642356d20dac5500301358dd,1a40025792,VACA,False,100.0
458,642356d20dac5500301358e3,1a40025792,VACA,False,100.0
459,642356d20dac5500301358df,1a40025792,VACA,False,100.0
460,642356d20dac5500301358e1,1a40025792,VACA,False,100.0
461,642356d20dac5500301358e5,1a40025792,VACA,False,100.0
462,642356d20dac5500301358e7,1a40025792,VACA,False,100.0
463,642356d20dac5500301358eb,1a40025792,VACA,False,100.0
464,642356d20dac5500301358e9,1a40025792,VACA,False,100.0
465,642356d20dac5500301358ed,1a40025792,VACA,False,100.0
466,642356d20dac5500301358ef,1a40025792,VACA,False,100.0
467,642356d20dac5500301358f1,1a40025792,VACA,False,100.0
468,642356d20dac5500301358f5,1a40025792,VACA,False,100.0
469,642356d20dac5500301358fb,1a40025792,VACA,False,100.0
470,642356d20dac5500301358f3,1a40025792,VACA,False,100.0
471,642356d20dac5500301358f9,1a40025792,VACA,False,100.0
472,642356d20dac5500301358f7,1a40025792,VACA,False,100.0
473,642356d20dac5500301358ff,1a40025792,VACA,False,100.0
474,642356d20dac550030135903,1a40025792,VACA,False,100.0
475,642356d20dac5500301358fd,1a40025792,VACA,False,100.0
476,642356d20dac550030135905,1a40025792,VACA,False,100.0
477,642356d20dac550030135901,1a40025792,VACA,False,100.0
478,642356d20dac55003013590d,1a40025792,VACA,False,100.0
479,642356d20dac550030135907,1a40025792,VACA,False,100.0
480,642356d20dac550030135909,1a40025792,VACA,False,100.0
481,642356d20dac55003013590f,1a40025792,VACA,False,100.0
482,642356d20dac55003013590b,1a40025792,VACA,False,100.0
483,642356d20dac550030135913,1a40025792,VACA,False,100.0
484,642356d20dac550030135911,1a40025792,VACA,False,100.0
485,642356d30dac550030135915,1a40025792,VACA,False,100.0
486,642356d30dac550030135919,1a40025792,VACA,False,100.0
487,642356d30dac550030135917,1a40025792,VACA,False,100.0
488,642356d30dac55003013591b,1a40025792,VACA,False,100.0
489,642356d30dac55003013591d,1a40025792,VACA,False,100.0
490,642356d30dac55003013591f,1a40025792,VACA,False,100.0
491,642356d30dac550030135923,1a40025792,VACA,False,100.0
492,642356d30dac550030135927,1a40025792,VACA,False,100.0
493,642356d30dac550030135925,1a40025792,VACA,False,100.0
494,642356d30dac550030135921,1a40025792,VACA,False,100.0
495,642356d30dac55003013592d,1a40025792,VACA,False,100.0
496,642356d30dac550030135929,1a40025792,VACA,False,100.0
497,642356d30dac55003013592f,1a40025792,VACA,False,100.0
498,642356d30dac55003013592b,1a40025792,VACA,False,100.0
499,642356d30dac550030135931,1a40025792,VACA,False,100.0
500,642356d30dac550030135933,1a40025792,VACA,False,100.0
501,642356d30dac550030135937,1a40025792,VACA,False,100.0
502,642356d30dac550030135935,1a40025792,VACA,False,100.0
503,642356d30dac55003013593b,1a40025792,VACA,False,100.0
504,642356d30dac550030135939,1a40025792,VACA,False,100.0
505,642356d30dac550030135941,1a40025792,VACA,False,100.0
506,642356d30dac55003013593d,1a40025792,VACA,False,100.0
507,642356d30dac550030135943,1a40025792,VACA,False,100.0
508,642356d30dac55003013593f,1a40025792,VACA,False,100.0
509,642356d40dac5500301359da,1a40025792,VACA,False,100.0
510,642356d40dac5500301359ec,1a40025792,VACA,False,100.0
511,642356d50dac5500301359f6,1a40025792,VACA,False,100.0
512,642356d50dac5500301359ff,1a40025792,VACA,False,100.0
513,642356d50dac550030135a08,1a40025792,VACA,False,100.0
514,642356d50dac550030135a0a,1a40025792,VACA,False,100.0
515,642356d50dac550030135a0c,1a40025792,VACA,False,100.0
516,642356d50dac550030135a16,1a40025792,VACA,False,100.0
517,642356d50dac550030135a18,1a40025792,VACA,False,100.0
518,642356d50dac550030135a2e,1a40025792,VACA,False,100.0
519,642356d50dac550030135a21,1a40025792,VACA,False,100.0
520,642356d50dac550030135a2c,1a40025792,VACA,False,100.0
521,642356d50dac550030135aab,1a40025792,VACA,False,100.0
522,642356d50dac550030135a30,1a40025792,VACA,False,100.0
523,642356d50dac550030135a2a,1a40025792,VACA,False,100.0
524,642356d50dac550030135a3d,1a40025792,VACA,False,100.0
525,642356d50dac550030135a3f,1a40025792,VACA,False,100.0
526,642356d50dac550030135ab3,1a40025792,VACA,False,100.0
527,642356d50dac550030135a46,1a40025792,VACA,False,100.0
528,642356d50dac550030135a4b,1a40025792,VACA,False,100.0
529,642356d50dac550030135abd,1a40025792,VACA,False,100.0
530,642356d50dac550030135a39,1a40025792,VACA,False,100.0
531,642356d50dac550030135a4d,1a40025792,VACA,False,100.0
532,642356d50dac550030135a3b,1a40025792,VACA,False,100.0
533,642356d50dac550030135a41,1a40025792,VACA,False,100.0
534,642356d50dac550030135ac7,1a40025792,VACA,False,100.0
535,642356d50dac550030135a53,1a40025792,VACA,False,100.0
536,642356d50dac550030135a43,1a40025792,VACA,False,100.0
537,642356d50dac550030135a5c,1a40025792,VACA,False,100.0
538,642356d50dac550030135a5a,1a40025792,VACA,False,100.0
539,642356d60dac550030135ad1,1a40025792,VACA,False,100.0
540,642356d50dac550030135a48,1a40025792,VACA,False,100.0
541,642356d50dac550030135a51,1a40025792,VACA,False,100.0
542,642356d50dac550030135a64,1a40025792,VACA,False,100.0
543,642356d60dac550030135adb,1a40025792,VACA,False,100.0
544,642356d50dac550030135a4f,1a40025792,VACA,False,100.0
545,642356d50dac550030135a62,1a40025792,VACA,False,100.0
546,642356d50dac550030135a6c,1a40025792,VACA,False,100.0
547,642356d50dac550030135a58,1a40025792,VACA,False,100.0
548,642356d50dac550030135a56,1a40025792,VACA,False,100.0
549,642356d50dac550030135a60,1a40025792,VACA,False,100.0
550,642356d50dac550030135a6a,1a40025792,VACA,False,100.0
551,642356d50dac550030135a74,1a40025792,VACA,False,100.0
552,642356d50dac550030135a72,1a40025792,VACA,False,100.0
553,642356d50dac550030135a68,1a40025792,VACA,False,100.0
554,642356d50dac550030135a7c,1a40025792,VACA,False,100.0
555,642356d50dac550030135a5e,1a40025792,VACA,False,100.0
556,642356d50dac550030135a70,1a40025792,VACA,False,100.0
557,642356d50dac550030135a66,1a40025792,VACA,False,100.0
558,642356d50dac550030135a7a,1a40025792,VACA,False,100.0
559,642356d50dac550030135a8b,1a40025792,VACA,False,100.0
560,642356d50dac550030135a6e,1a40025792,VACA,False,100.0
561,642356d50dac550030135a82,1a40025792,VACA,False,100.0
562,642356d50dac550030135a93,1a40025792,VACA,False,100.0
563,642356d50dac550030135a78,1a40025792,VACA,False,100.0
564,642356d50dac550030135a9b,1a40025792,VACA,False,100.0
565,642356d50dac550030135a76,1a40025792,VACA,False,100.0
566,642356d50dac550030135a89,1a40025792,VACA,False,100.0
567,642356d50dac550030135a80,1a40025792,VACA,False,100.0
568,642356d50dac550030135a7e,1a40025792,VACA,False,100.0
569,642356d50dac550030135aa3,1a40025792,VACA,False,100.0
570,642356d50dac550030135a91,1a40025792,VACA,False,100.0
571,642356d50dac550030135a87,1a40025792,VACA,False,100.0
572,642356d50dac550030135a85,1a40025792,VACA,False,100.0
573,642356d50dac550030135ab5,1a40025792,VACA,False,100.0
574,642356d50dac550030135a99,1a40025792,VACA,False,100.0
575,642356d50dac550030135a8f,1a40025792,VACA,False,100.0
576,642356d50dac550030135abf,1a40025792,VACA,False,100.0
577,642356d50dac550030135a97,1a40025792,VACA,False,100.0
578,642356d50dac550030135a8d,1a40025792,VACA,False,100.0
579,642356d50dac550030135aa1,1a40025792,VACA,False,100.0
580,642356d50dac550030135a95,1a40025792,VACA,False,100.0
581,642356d50dac550030135ac9,1a40025792,VACA,False,100.0
582,642356d50dac550030135aa9,1a40025792,VACA,False,100.0
583,642356d50dac550030135a9f,1a40025792,VACA,False,100.0
584,642356d50dac550030135a9d,1a40025792,VACA,False,100.0
585,642356d50dac550030135ab1,1a40025792,VACA,False,100.0
586,642356d50dac550030135aa7,1a40025792,VACA,False,100.0
587,642356d60dac550030135ad3,1a40025792,VACA,False,100.0
588,642356d50dac550030135abb,1a40025792,VACA,False,100.0
589,642356d60dac550030135add,1a40025792,VACA,False,100.0
590,642356d50dac550030135aaf,1a40025792,VACA,False,100.0
591,642356d50dac550030135aa5,1a40025792,VACA,False,100.0
592,642356d50dac550030135ac5,1a40025792,VACA,False,100.0
593,642356d50dac550030135ab9,1a40025792,VACA,False,100.0
594,642356d50dac550030135aad,1a40025792,VACA,False,100.0
595,642356d50dac550030135acf,1a40025792,VACA,False,100.0
596,642356d50dac550030135ab7,1a40025792,VACA,False,100.0
597,642356d50dac550030135ac3,1a40025792,VACA,False,100.0
598,642356d60dac550030135ad9,1a40025792,VACA,False,100.0
599,642356d50dac550030135ac1,1a40025792,VACA,False,100.0
600,642356d50dac550030135acd,1a40025792,VACA,False,100.0
601,642356d50dac550030135acb,1a40025792,VACA,False,100.0
602,642356d60dac550030135ad7,1a40025792,VACA,False,100.0
603,642356d60dac550030135ad5,1a40025792,VACA,False,100.0
604,642356d60dac550030135ae1,1a40025792,VACA,False,100.0
605,642356d60dac550030135adf,1a40025792,VACA,False,100.0
606,642356d60dac550030135ae3,1a40025792,VACA,False,100.0
607,642356d60dac550030135ae5,1a40025792,VACA,False,100.0
608,642356d60dac550030135ae9,1a40025792,VACA,False,100.0
609,642356d60dac550030135ae7,1a40025792,VACA,False,100.0
610,642356d60dac550030135aed,1a40025792,VACA,False,100.0
611,642356d60dac550030135aef,1a40025792,VACA,False,100.0
612,642356d60dac550030135aeb,1a40025792,VACA,False,100.0
613,642356d60dac550030135af1,1a40025792,VACA,False,100.0
614,642356d60dac550030135af5,1a40025792,VACA,False,100.0
615,642356d60dac550030135af3,1a40025792,VACA,False,100.0
616,642356d60dac550030135af7,1a40025792,VACA,False,100.0
617,64235c730dac550030135fa4,1a40025792,VACA,False,100.0
618,64235c730dac550030135fa7,1a40025792,VACA,False,100.0
619,64235c730dac550030135faa,1a40025792,VACA,False,100.0
620,64235c730dac550030135fae,1a40025792,VACA,False,100.0
621,64235c730dac550030135fac,1a40025792,VACA,False,100.0
622,64235c730dac550030135fb0,1a40025792,VACA,False,100.0
623,64235c730dac550030135fb2,1a40025792,VACA,False,100.0
624,64235c730dac550030135fb4,1a40025792,VACA,False,100.0
625,642367fd0dac550030136043,1a40025792,VACA,False,100.0
626,642367fd0dac550030136047,1a40025792,VACA,False,100.0
627,642367fd0dac550030136045,1a40025792,VACA,False,100.0
